"","year","spp","site.region","site_id","collection","ufn","all.cal","all.leps","all.lice"
"1","2015","CU","D","D07","1","U2626",1,0,1
"2","2015","CU","D","D07","1","U2627",0,0,0
"3","2015","CU","D","D07","1","U2634",2,0,2
"4","2015","CU","D","D07","1","U2831",1,0,1
"5","2015","CU","D","D07","1","U3007",0,2,2
"6","2015","CU","D","D07","1","U4173",1,0,1
"7","2015","CU","D","D07","1","U4979",0,1,1
"8","2015","CU","D","D07","1","U4980",0,1,1
"9","2015","PI","D","D07","1","U2528",2,2,4
"10","2015","PI","D","D07","1","U2859",1,0,1
"11","2015","PI","D","D07","1","U1395",0,0,0
"12","2015","PI","D","D07","1","U1392",0,2,2
"13","2015","PI","D","D07","1","U1386",0,3,3
"14","2015","PI","D","D07","1","U1394",1,6,7
"15","2015","PI","D","D07","1","U1190",1,0,1
"16","2015","SO","D","D07","1","U128",0,0,0
"17","2015","SO","D","D07","1","U235",0,0,0
"18","2015","SO","D","D07","1","U233",2,1,3
"19","2015","SO","D","D07","1","U210",0,0,0
"20","2015","SO","D","D07","1","U218",2,0,2
"21","2015","SO","D","D07","1","U217",1,0,1
"22","2015","SO","D","D07","1","U241",0,0,0
"23","2015","SO","D","D07","1","U234",0,0,0
"24","2015","SO","D","D07","1","U216",2,0,2
"25","2015","SO","D","D07","1","U236",0,0,0
"26","2015","CU","D","D07","2","U2032",1,0,1
"27","2015","CU","D","D07","2","U2919",0,0,0
"28","2015","CU","D","D07","2","U2934",1,0,1
"29","2015","CU","D","D07","2","U3008",0,0,0
"30","2015","CU","D","D07","2","U3026",0,0,0
"31","2015","CU","D","D07","2","U4156",0,0,0
"32","2015","CU","D","D07","2","U4157",1,0,1
"33","2015","CU","D","D07","2","U4158",0,0,0
"34","2015","CU","D","D07","2","U4970",1,3,4
"35","2015","CU","D","D07","2","U4971",0,0,0
"36","2015","PI","D","D07","2","U2513",0,0,0
"37","2015","PI","D","D07","2","U2525",1,1,2
"38","2015","PI","D","D07","2","U2530",0,3,3
"39","2015","PI","D","D07","2","U2861",1,1,2
"40","2015","PI","D","D07","2","U2862",0,0,0
"41","2015","PI","D","D07","2","U2863",0,0,0
"42","2015","SO","D","D07","2","U826",2,0,2
"43","2015","SO","D","D07","2","U849",1,0,1
"44","2015","SO","D","D07","2","U861",0,0,0
"45","2015","SO","D","D07","2","U840",0,1,1
"46","2015","SO","D","D07","2","U846",1,0,1
"47","2015","SO","D","D07","2","U850",0,0,0
"48","2015","SO","D","D07","2","U847",0,0,0
"49","2015","SO","D","D07","2","U864",0,0,0
"50","2015","SO","D","D07","2","U844",0,0,0
"51","2015","SO","D","D07","2","U845",0,0,0
"52","2015","CU","J","J09","3","U2918",0,0,0
"53","2015","CU","J","J09","3","U2932",0,0,0
"54","2015","CU","J","J09","3","U3027",0,0,0
"55","2015","CU","J","J09","3","U3028",1,0,1
"56","2015","CU","J","J09","3","U3029",0,0,0
"57","2015","PI","J","J09","3","U2531",0,0,0
"58","2015","PI","J","J09","3","U2532",1,0,1
"59","2015","PI","J","J09","3","U2533",3,0,3
"60","2015","PI","J","J09","3","U2864",0,0,0
"61","2015","PI","J","J09","3","U2865",0,0,0
"62","2015","PI","J","J09","3","U2866",0,0,0
"63","2015","PI","J","J09","3","U2867",0,0,0
"64","2015","PI","J","J09","3","U2868",2,0,2
"65","2015","PI","J","J09","3","U2869",1,0,1
"66","2015","PI","J","J09","3","U2870",2,0,2
"67","2015","SO","J","J09","3","U4710",4,0,4
"68","2015","SO","J","J09","3","U4711",2,0,2
"69","2015","SO","J","J09","3","U4712",0,0,0
"70","2015","SO","J","J09","3","U4713",1,0,1
"71","2015","SO","J","J09","3","U4720",2,0,2
"72","2015","SO","J","J09","3","U4721",1,0,1
"73","2015","SO","J","J09","3","U4722",0,0,0
"74","2015","SO","J","J09","3","U4723",0,0,0
"75","2015","SO","J","J09","3","U4756",0,0,0
"76","2015","SO","J","J09","3","U1044",2,0,2
"77","2015","SO","J","J09","3","U1023",0,0,0
"78","2015","SO","J","J09","3","U1024",1,0,1
"79","2015","SO","J","J09","3","U1025",3,0,3
"80","2015","SO","J","J09","3","U1026",0,0,0
"81","2015","SO","J","J09","3","U1018",1,0,1
"82","2015","SO","J","J09","3","U1019",0,0,0
"83","2015","SO","J","J09","3","U1020",0,0,0
"84","2015","SO","J","J09","3","U1027",8,0,8
"85","2015","SO","J","J09","3","U1042",1,0,1
"86","2015","SO","J","J09","3","U1043",0,0,0
"87","2015","CU","J","J02","4","U2789",0,0,0
"88","2015","CU","J","J02","4","U2790",0,0,0
"89","2015","CU","J","J02","4","U2791",0,1,1
"90","2015","CU","J","J02","4","U2797",0,0,0
"91","2015","CU","J","J02","4","U2909",0,0,0
"92","2015","PI","J","J02","4","U2637",0,0,0
"93","2015","PI","J","J02","4","U2638",0,0,0
"94","2015","PI","J","J02","4","U2639",1,1,2
"95","2015","PI","J","J02","4","U2640",0,0,0
"96","2015","PI","J","J02","4","U2641",0,0,0
"97","2015","PI","J","J02","4","U2842",0,0,0
"98","2015","PI","J","J02","4","U2843",0,0,0
"99","2015","PI","J","J02","4","U2844",0,0,0
"100","2015","PI","J","J02","4","U2845",0,0,0
"101","2015","PI","J","J02","4","U2846",0,0,0
"102","2015","SO","J","J02","4","U1288",0,0,0
"103","2015","SO","J","J02","4","U1311",0,0,0
"104","2015","SO","J","J02","4","U1270",1,0,1
"105","2015","SO","J","J02","4","U1302",2,0,2
"106","2015","SO","J","J02","4","U1292",1,0,1
"107","2015","SO","J","J02","4","U1301",0,0,0
"108","2015","CU","J","J09","5","U2910",0,0,0
"109","2015","CU","J","J09","5","U2911",0,0,0
"110","2015","CU","J","J09","5","U2915",0,0,0
"111","2015","CU","J","J09","5","U3002",2,0,2
"112","2015","CU","J","J09","5","U3004",0,0,0
"113","2015","PI","J","J09","5","U2521",1,0,1
"114","2015","PI","J","J09","5","U2522",2,0,2
"115","2015","PI","J","J09","5","U2642",1,0,1
"116","2015","PI","J","J09","5","U2643",1,0,1
"117","2015","PI","J","J09","5","U2644",1,0,1
"118","2015","PI","J","J09","5","U2847",2,0,2
"119","2015","PI","J","J09","5","U2848",0,0,0
"120","2015","PI","J","J09","5","U2849",0,0,0
"121","2015","PI","J","J09","5","U2850",0,0,0
"122","2015","SO","J","J09","5","U1274",0,0,0
"123","2015","SO","J","J09","5","U1273",0,0,0
"124","2015","SO","J","J09","5","U1275",0,0,0
"125","2015","SO","J","J09","5","U1283",0,0,0
"126","2015","SO","J","J09","5","U1284",0,0,0
"127","2015","SO","J","J09","5","U1286",0,0,0
"128","2015","SO","J","J09","5","U1285",1,1,2
"129","2015","SO","J","J09","5","U1276",1,0,1
"130","2015","SO","J","J09","5","U1238",0,0,0
"131","2015","SO","J","J09","5","U1237",0,0,0
"132","2015","CU","J","J02","6","U3082",0,0,0
"133","2015","CU","J","J02","6","U3083",0,0,0
"134","2015","CU","J","J02","6","U3084",0,0,0
"135","2015","CU","J","J02","6","U3085",0,0,0
"136","2015","CU","J","J02","6","U3086",0,0,0
"137","2015","PI","J","J02","6","U2658",0,0,0
"138","2015","PI","J","J02","6","U2659",1,0,1
"139","2015","PI","J","J02","6","U2891",2,0,2
"140","2015","PI","J","J02","6","U2892",0,0,0
"141","2015","PI","J","J02","6","U2893",0,1,1
"142","2015","PI","J","J02","6","U2894",0,0,0
"143","2015","PI","J","J02","6","U2895",0,0,0
"144","2015","PI","J","J02","6","U2896",0,0,0
"145","2015","PI","J","J02","6","U2897",1,0,1
"146","2015","PI","J","J02","6","U2898",0,0,0
"147","2015","SO","J","J02","6","U647",0,0,0
"148","2015","SO","J","J02","6","U649",0,0,0
"149","2015","SO","J","J02","6","U624",0,0,0
"150","2015","SO","J","J02","6","U626",0,0,0
"151","2015","SO","J","J02","6","U655",3,0,3
"152","2015","SO","J","J02","6","U656",1,0,1
"153","2015","SO","J","J02","6","U657",1,0,1
"154","2015","SO","J","J02","6","U625",2,0,2
"155","2015","SO","J","J02","6","U654",0,1,1
"156","2015","SO","J","J02","6","U648",2,0,2
"157","2015","CU","J","J09","7","U2512",0,0,0
"158","2015","CU","J","J09","7","U2630",2,0,2
"159","2015","CU","J","J09","7","U2631",3,0,3
"160","2015","CU","J","J09","7","U2632",0,0,0
"161","2015","CU","J","J09","7","U2825",1,0,1
"162","2015","CU","J","J09","7","U2913",1,0,1
"163","2015","PI","J","J09","7","U2523",1,0,1
"164","2015","PI","J","J09","7","U2524",1,1,2
"165","2015","PI","J","J09","7","U2851",0,0,0
"166","2015","PI","J","J09","7","U2852",1,2,3
"167","2015","PI","J","J09","7","U2853",0,0,0
"168","2015","PI","J","J09","7","U2854",0,1,1
"169","2015","PI","J","J09","7","U2855",1,0,1
"170","2015","PI","J","J09","7","U2856",2,1,3
"171","2015","PI","J","J09","7","U2857",0,0,0
"172","2015","PI","J","J09","7","U2858",1,0,1
"173","2015","SO","J","J09","7","U1335",0,0,0
"174","2015","SO","J","J09","7","U1337",0,0,0
"175","2015","SO","J","J09","7","U1338",1,0,1
"176","2015","SO","J","J09","7","U1342",0,0,0
"177","2015","SO","J","J09","7","U1353",3,0,3
"178","2015","SO","J","J09","7","U1356",0,0,0
"179","2015","SO","J","J09","7","U1336",1,0,1
"180","2015","SO","J","J09","7","U1341",2,0,2
"181","2015","SO","J","J09","7","U1355",1,0,1
"182","2015","SO","J","J09","7","U1362",1,0,1
"183","2015","SO","J","J09","7","U1363",0,0,0
"184","2015","SO","J","J09","7","U1354",3,0,3
"185","2015","CU","D","D09","8","U2920",0,0,0
"186","2015","CU","D","D09","8","U2924",0,0,0
"187","2015","CU","D","D09","8","U3009",0,0,0
"188","2015","CU","D","D09","8","U3010",0,0,0
"189","2015","CU","D","D09","8","U3013",0,2,2
"190","2015","PI","D","D09","8","U2514",0,3,3
"191","2015","PI","D","D09","8","U2515",2,0,2
"192","2015","PI","D","D09","8","U2516",1,2,3
"193","2015","PI","D","D09","8","U2834",1,1,2
"194","2015","PI","D","D09","8","U2835",2,4,6
"195","2015","PI","D","D09","8","U2836",1,2,3
"196","2015","PI","D","D09","8","U2837",0,0,0
"197","2015","SO","D","D09","8","U874",1,0,1
"198","2015","SO","D","D09","8","U875",1,0,1
"199","2015","SO","D","D09","8","U853",5,0,5
"200","2015","SO","D","D09","8","U872",0,0,0
"201","2015","SO","D","D09","8","U873",1,0,1
"202","2015","SO","D","D09","8","U904",1,0,1
"203","2015","SO","D","D09","8","U905",2,0,2
"204","2015","SO","D","D09","8","U906",0,0,0
"205","2015","SO","D","D09","8","U913",1,0,1
"206","2015","SO","D","D09","8","U912",0,0,0
"207","2015","CU","J","J02","9","U2548",0,0,0
"208","2015","CU","J","J02","9","U3087",0,0,0
"209","2015","CU","J","J02","9","U3088",0,0,0
"210","2015","CU","J","J02","9","U3093",1,0,1
"211","2015","CU","J","J02","9","U3094",0,0,0
"212","2015","PI","J","J02","9","U2881",2,1,3
"213","2015","PI","J","J02","9","U2882",2,0,2
"214","2015","PI","J","J02","9","U2883",0,0,0
"215","2015","PI","J","J02","9","U2884",1,0,1
"216","2015","PI","J","J02","9","U2885",1,0,1
"217","2015","PI","J","J02","9","U2886",1,0,1
"218","2015","PI","J","J02","9","U2887",1,0,1
"219","2015","PI","J","J02","9","U2888",3,0,3
"220","2015","PI","J","J02","9","U2889",0,0,0
"221","2015","PI","J","J02","9","U2890",1,0,1
"222","2015","SO","J","J02","9","U593",0,0,0
"223","2015","SO","J","J02","9","U576",0,0,0
"224","2015","SO","J","J02","9","U578",1,0,1
"225","2015","SO","J","J02","9","U329",0,0,0
"226","2015","SO","J","J02","9","U330",0,0,0
"227","2015","SO","J","J02","9","U590",1,0,1
"228","2015","SO","J","J02","9","U591",0,0,0
"229","2015","SO","J","J02","9","U621",0,0,0
"230","2015","SO","J","J02","9","U577",0,0,0
"231","2015","SO","J","J02","9","U592",0,0,0
"232","2015","CU","J","J03","10","U4049",0,0,0
"233","2015","CU","J","J03","10","U4050",1,0,1
"234","2015","CU","J","J03","10","U4061",0,0,0
"235","2015","CU","J","J03","10","U4062",1,0,1
"236","2015","CU","J","J03","10","U4109",0,0,0
"237","2015","CU","J","J03","10","U4123",0,0,0
"238","2015","CU","J","J03","10","U4134",0,0,0
"239","2015","CU","J","J03","10","U4143",0,0,0
"240","2015","CU","J","J03","10","U4144",0,0,0
"241","2015","CU","J","J03","10","U1051",1,0,1
"242","2015","PI","J","J03","10","U4925",1,0,1
"243","2015","PI","J","J03","10","U4926",1,0,1
"244","2015","PI","J","J03","10","U4927",0,1,1
"245","2015","PI","J","J03","10","U4929",1,0,1
"246","2015","PI","J","J03","10","U4937",0,0,0
"247","2015","PI","J","J03","10","U5045",0,0,0
"248","2015","PI","J","J03","10","U5046",0,0,0
"249","2015","PI","J","J03","10","U5047",0,1,1
"250","2015","PI","J","J03","10","U5048",0,0,0
"251","2015","PI","J","J03","10","U5049",0,0,0
"252","2015","SO","J","J03","10","U4729",0,0,0
"253","2015","SO","J","J03","10","U4730",1,0,1
"254","2015","SO","J","J03","10","U4731",0,0,0
"255","2015","SO","J","J03","10","U4732",0,0,0
"256","2015","SO","J","J03","10","U4733",0,0,0
"257","2015","SO","J","J03","10","U4752",0,0,0
"258","2015","SO","J","J03","10","U4753",0,0,0
"259","2015","SO","J","J03","10","U4782",0,0,0
"260","2015","SO","J","J03","10","U4783",1,0,1
"261","2015","SO","J","J03","10","U4784",0,0,0
"262","2015","SO","J","J03","10","U4785",0,0,0
"263","2015","SO","J","J03","10","U4786",0,0,0
"264","2015","SO","J","J03","10","U4787",0,0,0
"265","2015","SO","J","J03","10","U4803",0,0,0
"266","2015","SO","J","J03","10","U4804",0,0,0
"267","2015","SO","J","J03","10","U1149",0,0,0
"268","2015","SO","J","J03","10","U1172",0,0,0
"269","2015","SO","J","J03","10","U1158",0,0,0
"270","2015","SO","J","J03","10","U1150",1,0,1
"271","2015","SO","J","J03","10","U1159",0,0,0
"272","2015","SO","J","J03","10","U1166",0,0,0
"273","2015","SO","J","J03","10","U1192",1,0,1
"274","2015","SO","J","J03","10","U1167",0,0,0
"275","2015","SO","J","J03","10","U1329",1,0,1
"276","2015","SO","J","J03","10","U1297",1,0,1
"277","2015","CU","D","D09","11","U2660",1,2,3
"278","2015","CU","D","D09","11","U2662",0,0,0
"279","2015","CU","D","D09","11","U3091",0,0,0
"280","2015","CU","D","D09","11","U3140",1,0,1
"281","2015","CU","D","D09","11","U3146",0,0,0
"282","2015","PI","D","D09","11","U3204",1,0,1
"283","2015","PI","D","D09","11","U3205",1,0,1
"284","2015","PI","D","D09","11","U3206",2,0,2
"285","2015","PI","D","D09","11","U3208",0,0,0
"286","2015","PI","D","D09","11","U3209",2,1,3
"287","2015","PI","D","D09","11","U3210",1,0,1
"288","2015","PI","D","D09","11","U3211",0,0,0
"289","2015","PI","D","D09","11","U3212",1,2,3
"290","2015","PI","D","D09","11","U3213",2,0,2
"291","2015","PI","D","D09","11","U3218",0,1,1
"292","2015","SO","D","D09","11","U851",0,0,0
"293","2015","SO","D","D09","11","U888",1,0,1
"294","2015","SO","D","D09","11","U893",1,0,1
"295","2015","SO","D","D09","11","U895",0,0,0
"296","2015","SO","D","D09","11","U885",0,0,0
"297","2015","SO","D","D09","11","U886",1,0,1
"298","2015","SO","D","D09","11","U887",1,0,1
"299","2015","SO","D","D09","11","U889",1,1,2
"300","2015","SO","D","D09","11","U892",0,0,0
"301","2015","SO","D","D09","11","U894",1,0,1
"302","2015","SO","D","D09","11","U896",0,0,0
"303","2015","CU","D","D09","12","U3145",0,0,0
"304","2015","CU","D","D09","12","U3149",0,0,0
"305","2015","CU","D","D09","12","U3152",0,0,0
"306","2015","CU","D","D09","12","U3154",1,0,1
"307","2015","CU","D","D09","12","U3155",1,0,1
"308","2015","PI","D","D09","12","U2538",0,0,0
"309","2015","PI","D","D09","12","U2900",0,0,0
"310","2015","PI","D","D09","12","U3225",0,0,0
"311","2015","PI","D","D09","12","U3229",0,0,0
"312","2015","PI","D","D09","12","U3234",0,0,0
"313","2015","PI","D","D09","12","U3235",3,0,3
"314","2015","PI","D","D09","12","U3236",0,0,0
"315","2015","SO","D","D09","12","U4856",0,0,0
"316","2015","SO","D","D09","12","U1330",1,0,1
"317","2015","SO","D","D09","12","U245",0,0,0
"318","2015","SO","D","D09","12","U246",4,0,4
"319","2015","SO","D","D09","12","U247",1,0,1
"320","2015","SO","D","D09","12","U248",4,0,4
"321","2015","SO","D","D09","12","U240",2,0,2
"322","2015","SO","D","D09","12","U251",0,0,0
"323","2015","SO","D","D09","12","U253",1,0,1
"324","2015","SO","D","D09","12","U223",1,0,1
"325","2015","SO","D","D09","12","U252",0,0,0
"326","2015","CU","D","D09","12","U3135",0,0,0
"327","2015","CU","D","D09","12","U3136",0,0,0
"328","2015","CU","D","D09","12","U3137",0,0,0
"329","2015","CU","D","D09","12","U3138",1,0,1
"330","2015","CU","D","D09","12","U3139",0,0,0
"331","2015","PI","D","D09","12","U3214",1,0,1
"332","2015","PI","D","D09","12","U3215",0,0,0
"333","2015","PI","D","D09","12","U3216",0,2,2
"334","2015","PI","D","D09","12","U3217",0,0,0
"335","2015","PI","D","D09","12","U3219",0,0,0
"336","2015","PI","D","D09","12","U3220",0,2,2
"337","2015","PI","D","D09","12","U3221",3,0,3
"338","2015","PI","D","D09","12","U3222",1,0,1
"339","2015","PI","D","D09","12","U3223",0,0,0
"340","2015","PI","D","D09","12","U3224",1,0,1
"341","2015","SO","D","D09","12","U650",5,0,5
"342","2015","SO","D","D09","12","U663",0,0,0
"343","2015","SO","D","D09","12","U671",2,0,2
"344","2015","SO","D","D09","12","U658",0,0,0
"345","2015","SO","D","D09","12","U662",4,0,4
"346","2016","CU","D","D22","13","U3721",0,0,0
"347","2016","CU","D","D22","13","U3722",0,0,0
"348","2016","CU","D","D22","13","U3723",0,0,0
"349","2016","CU","D","D22","13","U3724",0,0,0
"350","2016","CU","D","D22","13","U3725",0,0,0
"351","2016","CU","D","D22","13","U3726",0,0,0
"352","2016","CU","D","D22","13","U3727",0,0,0
"353","2016","CU","D","D22","13","U3728",0,0,0
"354","2016","CU","D","D22","13","U3729",0,0,0
"355","2016","CU","D","D22","13","U3730",0,0,0
"356","2016","PI","D","D22","13","U3843",0,0,0
"357","2016","PI","D","D22","13","U3844",0,0,0
"358","2016","PI","D","D22","13","U3845",0,0,0
"359","2016","PI","D","D22","13","U3846",0,0,0
"360","2016","PI","D","D22","13","U3847",0,0,0
"361","2016","PI","D","D22","13","U3848",0,0,0
"362","2016","PI","D","D22","13","U3883",0,0,0
"363","2016","PI","D","D22","13","U3884",0,0,0
"364","2016","PI","D","D22","13","U3890",0,0,0
"365","2016","PI","D","D22","13","U3891",2,0,2
"366","2016","SO","D","D22","13","U1913",0,0,0
"367","2016","SO","D","D22","13","U1914",0,0,0
"368","2016","SO","D","D22","13","U1915",0,0,0
"369","2016","SO","D","D22","13","U1916",0,0,0
"370","2016","SO","D","D22","13","U1917",0,0,0
"371","2016","SO","D","D22","13","U1924",0,0,0
"372","2016","SO","D","D22","13","U1925",0,0,0
"373","2016","SO","D","D22","13","U1926",0,0,0
"374","2016","SO","D","D22","13","U1927",0,0,0
"375","2016","SO","D","D22","13","U1928",0,1,1
"376","2016","SO","D","D22","13","U4221",0,0,0
"377","2016","SO","D","D22","13","U4335",0,0,0
"378","2016","SO","D","D22","13","U4336",0,0,0
"379","2016","SO","D","D22","13","U4337",0,0,0
"380","2016","SO","D","D22","13","U4338",0,0,0
"381","2016","SO","D","D22","13","U4339",0,0,0
"382","2016","SO","D","D22","13","U4340",0,0,0
"383","2016","SO","D","D22","13","U4341",1,0,1
"384","2016","SO","D","D22","13","U4342",0,0,0
"385","2016","SO","D","D22","13","U4363",1,0,1
"386","2016","SO","D","D22","13","U4364",0,0,0
"387","2016","SO","D","D22","13","U4365",1,0,1
"388","2016","SO","D","D22","13","U4366",0,0,0
"389","2016","SO","D","D22","13","U4369",1,0,1
"390","2016","SO","D","D22","13","U4370",0,0,0
"391","2016","SO","D","D22","13","U4371",0,0,0
"392","2016","SO","D","D22","13","U4372",0,0,0
"393","2016","SO","D","D22","13","U4373",0,0,0
"394","2016","SO","D","D22","13","U4374",0,0,0
"395","2016","SO","D","D22","13","U4375",0,0,0
"396","2016","CU","J","J02","14","U3703",0,0,0
"397","2016","CU","J","J02","14","U3704",1,0,1
"398","2016","CU","J","J02","14","U3705",0,0,0
"399","2016","CU","J","J02","14","U3706",0,0,0
"400","2016","CU","J","J02","14","U3707",0,0,0
"401","2016","CU","J","J02","14","U3708",0,0,0
"402","2016","CU","J","J02","14","U3709",0,0,0
"403","2016","CU","J","J02","14","U3710",0,0,0
"404","2016","PI","J","J02","14","U3814",2,0,2
"405","2016","PI","J","J02","14","U3815",2,0,2
"406","2016","PI","J","J02","14","U3816",1,0,1
"407","2016","PI","J","J02","14","U3817",0,0,0
"408","2016","PI","J","J02","14","U3818",1,0,1
"409","2016","PI","J","J02","14","U3852",1,0,1
"410","2016","PI","J","J02","14","U3853",0,0,0
"411","2016","PI","J","J02","14","U3854",0,0,0
"412","2016","PI","J","J02","14","U3855",0,0,0
"413","2016","PI","J","J02","14","U3856",0,1,1
"414","2016","SO","J","J02","14","U1854",3,0,3
"415","2016","SO","J","J02","14","U1855",0,0,0
"416","2016","SO","J","J02","14","U1856",0,0,0
"417","2016","SO","J","J02","14","U1857",0,0,0
"418","2016","SO","J","J02","14","U1862",0,0,0
"419","2016","SO","J","J02","14","U1863",1,0,1
"420","2016","SO","J","J02","14","U1864",1,0,1
"421","2016","SO","J","J02","14","U1865",1,0,1
"422","2016","SO","J","J02","14","U1866",0,0,0
"423","2016","SO","J","J02","14","U2010",0,0,0
"424","2016","CU","J","J09","15","U3663",0,0,0
"425","2016","CU","J","J09","15","U3664",0,0,0
"426","2016","CU","J","J09","15","U3665",0,0,0
"427","2016","CU","J","J09","15","U3666",0,0,0
"428","2016","CU","J","J09","15","U3667",0,0,0
"429","2016","CU","J","J09","15","U3668",0,0,0
"430","2016","CU","J","J09","15","U3669",0,0,0
"431","2016","CU","J","J09","15","U3670",0,0,0
"432","2016","CU","J","J09","15","U3671",0,0,0
"433","2016","PI","J","J09","15","U3822",1,0,1
"434","2016","PI","J","J09","15","U3823",0,0,0
"435","2016","PI","J","J09","15","U3866",0,0,0
"436","2016","PI","J","J09","15","U3869",0,0,0
"437","2016","PI","J","J09","15","U3870",0,0,0
"438","2016","PI","J","J09","15","U3871",0,0,0
"439","2016","PI","J","J09","15","U3872",2,0,2
"440","2016","PI","J","J09","15","U3873",1,0,1
"441","2016","PI","J","J09","15","U3874",1,0,1
"442","2016","PI","J","J09","15","U3875",0,0,0
"443","2016","SO","J","J09","15","U1688",3,0,3
"444","2016","SO","J","J09","15","U1689",1,0,1
"445","2016","SO","J","J09","15","U1690",0,0,0
"446","2016","SO","J","J09","15","U1858",2,0,2
"447","2016","SO","J","J09","15","U1867",0,0,0
"448","2016","SO","J","J09","15","U1868",0,0,0
"449","2016","SO","J","J09","15","U1869",0,0,0
"450","2016","SO","J","J09","15","U1891",0,0,0
"451","2016","SO","J","J09","15","U1958",0,0,0
"452","2016","SO","J","J09","15","U4215",1,0,1
"453","2016","SO","J","J09","15","U4216",0,0,0
"454","2016","SO","J","J09","15","U4318",0,0,0
"455","2016","SO","J","J09","15","U4319",0,0,0
"456","2016","SO","J","J09","15","U4320",1,0,1
"457","2016","SO","J","J09","15","U4321",1,0,1
"458","2016","SO","J","J09","15","U4322",0,0,0
"459","2016","SO","J","J09","15","U4323",0,0,0
"460","2016","SO","J","J09","15","U4324",0,0,0
"461","2016","SO","J","J09","15","U4325",3,0,3
"462","2016","SO","J","J09","15","U4326",0,0,0
"463","2016","SO","J","J09","15","U4351",1,0,1
"464","2016","SO","J","J09","15","U4352",0,0,0
"465","2016","SO","J","J09","15","U4353",1,0,1
"466","2016","SO","J","J09","15","U4354",0,0,0
"467","2016","SO","J","J09","15","U4582",1,0,1
"468","2016","SO","J","J09","15","U4583",1,0,1
"469","2016","SO","J","J09","15","U4584",0,0,0
"470","2016","SO","J","J09","15","U4649",0,0,0
"471","2016","SO","J","J09","15","U4650",1,0,1
"472","2016","SO","J","J09","15","U4651",0,0,0
"473","2016","CU","D","D09","16","U2975",0,0,0
"474","2016","CU","D","D09","16","U2976",1,4,5
"475","2016","CU","D","D09","16","U2977",0,0,0
"476","2016","CU","D","D09","16","U3318",0,0,0
"477","2016","CU","D","D09","16","U3319",2,3,5
"478","2016","CU","D","D09","16","U3320",0,0,0
"479","2016","CU","D","D09","16","U3321",1,0,1
"480","2016","CU","D","D09","16","U3322",1,0,1
"481","2016","CU","D","D09","16","U3323",2,0,2
"482","2016","CU","D","D09","16","U3324",0,0,0
"483","2016","PI","D","D09","16","U3440",0,0,0
"484","2016","PI","D","D09","16","U3441",1,1,2
"485","2016","PI","D","D09","16","U3442",0,0,0
"486","2016","PI","D","D09","16","U3443",0,0,0
"487","2016","PI","D","D09","16","U3444",0,0,0
"488","2016","PI","D","D09","16","U3445",0,1,1
"489","2016","PI","D","D09","16","U3446",1,0,1
"490","2016","PI","D","D09","16","U3447",0,0,0
"491","2016","PI","D","D09","16","U3448",0,0,0
"492","2016","PI","D","D09","16","U3751",0,0,0
"493","2016","SO","D","D09","16","U1953",0,0,0
"494","2016","SO","D","D09","16","U1995",0,0,0
"495","2016","SO","D","D09","16","U1996",0,0,0
"496","2016","SO","D","D09","16","U1997",0,0,0
"497","2016","SO","D","D09","16","U1998",0,0,0
"498","2016","SO","D","D09","16","U1999",0,0,0
"499","2016","SO","D","D09","16","U2000",0,0,0
"500","2016","SO","D","D09","16","U2001",1,0,1
"501","2016","SO","D","D09","16","U2002",0,0,0
"502","2016","SO","D","D09","16","U2003",0,0,0
"503","2016","SO","D","D09","16","U4392",0,0,0
"504","2016","SO","D","D09","16","U4526",0,0,0
"505","2016","SO","D","D09","16","U4527",0,0,0
"506","2016","SO","D","D09","16","U4528",0,0,0
"507","2016","SO","D","D09","16","U4529",0,0,0
"508","2016","SO","D","D09","16","U4530",0,0,0
"509","2016","SO","D","D09","16","U4531",0,0,0
"510","2016","SO","D","D09","16","U4555",0,0,0
"511","2016","SO","D","D09","16","U4556",0,0,0
"512","2016","SO","D","D09","16","U4557",0,0,0
"513","2016","SO","D","D09","16","U4558",0,0,0
"514","2016","SO","D","D09","16","U4615",0,0,0
"515","2016","SO","D","D09","16","U4616",0,0,0
"516","2016","SO","D","D09","16","U4617",1,0,1
"517","2016","SO","D","D09","16","U4618",0,0,0
"518","2016","SO","D","D09","16","U4619",2,0,2
"519","2016","SO","D","D09","16","U4620",0,0,0
"520","2016","SO","D","D09","16","U4621",0,0,0
"521","2016","SO","D","D09","16","U4633",0,0,0
"522","2016","SO","D","D09","16","U4634",0,0,0
"523","2016","CU","D","D22","17","U3623",0,0,0
"524","2016","CU","D","D22","17","U3624",0,0,0
"525","2016","CU","D","D22","17","U3625",0,0,0
"526","2016","CU","D","D22","17","U3626",0,0,0
"527","2016","CU","D","D22","17","U3627",0,0,0
"528","2016","CU","D","D22","17","U3628",0,0,0
"529","2016","CU","D","D22","17","U3629",0,0,0
"530","2016","CU","D","D22","17","U3630",0,0,0
"531","2016","CU","D","D22","17","U3631",0,0,0
"532","2016","CU","D","D22","17","U3632",0,0,0
"533","2016","PI","D","D22","17","U3857",0,0,0
"534","2016","PI","D","D22","17","U3858",0,0,0
"535","2016","PI","D","D22","17","U3859",1,0,1
"536","2016","PI","D","D22","17","U3860",1,0,1
"537","2016","PI","D","D22","17","U3861",0,0,0
"538","2016","PI","D","D22","17","U3862",1,0,1
"539","2016","PI","D","D22","17","U3863",0,0,0
"540","2016","PI","D","D22","17","U3864",0,0,0
"541","2016","PI","D","D22","17","U3868",0,0,0
"542","2016","SO","D","D22","17","U1921",0,0,0
"543","2016","SO","D","D22","17","U1922",1,0,1
"544","2016","SO","D","D22","17","U1923",0,0,0
"545","2016","SO","D","D22","17","U1943",0,0,0
"546","2016","SO","D","D22","17","U1975",0,0,0
"547","2016","SO","D","D22","17","U1976",0,0,0
"548","2016","SO","D","D22","17","U1977",1,0,1
"549","2016","SO","D","D22","17","U1978",2,0,2
"550","2016","SO","D","D22","17","U1979",0,0,0
"551","2016","SO","D","D22","17","U1980",0,0,0
"552","2016","SO","D","D22","17","U4217",0,0,0
"553","2016","SO","D","D22","17","U4218",0,0,0
"554","2016","SO","D","D22","17","U4219",0,0,0
"555","2016","SO","D","D22","17","U4220",0,0,0
"556","2016","SO","D","D22","17","U4327",0,0,0
"557","2016","SO","D","D22","17","U4328",0,0,0
"558","2016","SO","D","D22","17","U4329",0,0,0
"559","2016","SO","D","D22","17","U4330",0,0,0
"560","2016","SO","D","D22","17","U4331",0,0,0
"561","2016","SO","D","D22","17","U4332",0,0,0
"562","2016","SO","D","D22","17","U4333",1,0,1
"563","2016","SO","D","D22","17","U4334",0,0,0
"564","2016","SO","D","D22","17","U4355",0,0,0
"565","2016","SO","D","D22","17","U4356",0,0,0
"566","2016","SO","D","D22","17","U4357",0,0,0
"567","2016","SO","D","D22","17","U4358",0,0,0
"568","2016","SO","D","D22","17","U4359",0,0,0
"569","2016","SO","D","D22","17","U4360",0,0,0
"570","2016","SO","D","D22","17","U4361",0,0,0
"571","2016","SO","D","D22","17","U4362",0,0,0
"572","2016","CU","D","D09","18","U2970",2,0,2
"573","2016","CU","D","D09","18","U2971",0,0,0
"574","2016","CU","D","D09","18","U2972",0,0,0
"575","2016","CU","D","D09","18","U2973",1,0,1
"576","2016","CU","D","D09","18","U2974",1,0,1
"577","2016","CU","D","D09","18","U3313",1,0,1
"578","2016","CU","D","D09","18","U3314",0,0,0
"579","2016","CU","D","D09","18","U3315",0,0,0
"580","2016","CU","D","D09","18","U3316",0,0,0
"581","2016","CU","D","D09","18","U3317",1,0,1
"582","2016","PI","D","D09","18","U3792",0,0,0
"583","2016","PI","D","D09","18","U3793",1,0,1
"584","2016","PI","D","D09","18","U3794",0,0,0
"585","2016","PI","D","D09","18","U3795",0,0,0
"586","2016","PI","D","D09","18","U3796",1,0,1
"587","2016","PI","D","D09","18","U3797",1,0,1
"588","2016","PI","D","D09","18","U3798",0,0,0
"589","2016","PI","D","D09","18","U3799",0,0,0
"590","2016","PI","D","D09","18","U3800",0,0,0
"591","2016","SO","D","D09","18","U1959",0,0,0
"592","2016","SO","D","D09","18","U1960",0,0,0
"593","2016","SO","D","D09","18","U2011",0,0,0
"594","2016","SO","D","D09","18","U2012",0,0,0
"595","2016","SO","D","D09","18","U2013",0,0,0
"596","2016","SO","D","D09","18","U2014",2,0,2
"597","2016","SO","D","D09","18","U2015",2,0,2
"598","2016","SO","D","D09","18","U2016",2,0,2
"599","2016","SO","D","D09","18","U2021",0,0,0
"600","2016","SO","D","D09","18","U2022",0,0,0
"601","2016","SO","D","D09","18","U4185",0,0,0
"602","2016","SO","D","D09","18","U4186",1,0,1
"603","2016","SO","D","D09","18","U4187",0,0,0
"604","2016","SO","D","D09","18","U4188",0,0,0
"605","2016","SO","D","D09","18","U4189",1,0,1
"606","2016","SO","D","D09","18","U4190",0,0,0
"607","2016","SO","D","D09","18","U4191",0,0,0
"608","2016","SO","D","D09","18","U4192",0,0,0
"609","2016","SO","D","D09","18","U4193",0,0,0
"610","2016","SO","D","D09","18","U4194",0,0,0
"611","2016","SO","D","D09","18","U4195",2,0,2
"612","2016","SO","D","D09","18","U4209",0,0,0
"613","2016","SO","D","D09","18","U4210",0,0,0
"614","2016","SO","D","D09","18","U4211",0,0,0
"615","2016","SO","D","D09","18","U4212",0,0,0
"616","2016","SO","D","D09","18","U4309",0,0,0
"617","2016","SO","D","D09","18","U4310",2,0,2
"618","2016","SO","D","D09","18","U4311",1,0,1
"619","2016","SO","D","D09","18","U4312",0,0,0
"620","2016","SO","D","D09","18","U4313",0,0,0
"621","2016","CU","D","D22","19","U3605",1,0,1
"622","2016","CU","D","D22","19","U3606",0,0,0
"623","2016","CU","D","D22","19","U3607",0,0,0
"624","2016","CU","D","D22","19","U3608",0,0,0
"625","2016","CU","D","D22","19","U3609",0,0,0
"626","2016","CU","D","D22","19","U3610",0,0,0
"627","2016","CU","D","D22","19","U3611",0,0,0
"628","2016","CU","D","D22","19","U3612",0,0,0
"629","2016","PI","D","D22","19","U3752",0,0,0
"630","2016","PI","D","D22","19","U3753",0,0,0
"631","2016","PI","D","D22","19","U3754",0,1,1
"632","2016","PI","D","D22","19","U3755",0,0,0
"633","2016","PI","D","D22","19","U3756",0,0,0
"634","2016","PI","D","D22","19","U3757",0,0,0
"635","2016","PI","D","D22","19","U3758",0,0,0
"636","2016","PI","D","D22","19","U3759",0,2,2
"637","2016","PI","D","D22","19","U3760",0,0,0
"638","2016","PI","D","D22","19","U3761",0,0,0
"639","2016","SO","D","D22","19","U1918",0,0,0
"640","2016","SO","D","D22","19","U1919",0,0,0
"641","2016","SO","D","D22","19","U1920",0,0,0
"642","2016","SO","D","D22","19","U1929",1,0,1
"643","2016","SO","D","D22","19","U1930",0,0,0
"644","2016","SO","D","D22","19","U1951",1,0,1
"645","2016","SO","D","D22","19","U1991",1,1,2
"646","2016","SO","D","D22","19","U1992",0,0,0
"647","2016","SO","D","D22","19","U1993",0,0,0
"648","2016","SO","D","D22","19","U1994",0,0,0
"649","2016","SO","D","D22","19","U4384",0,0,0
"650","2016","SO","D","D22","19","U4385",1,0,1
"651","2016","SO","D","D22","19","U4386",0,0,0
"652","2016","SO","D","D22","19","U4387",0,0,0
"653","2016","SO","D","D22","19","U4388",3,0,3
"654","2016","SO","D","D22","19","U4389",0,0,0
"655","2016","SO","D","D22","19","U4482",0,0,0
"656","2016","SO","D","D22","19","U4483",0,0,0
"657","2016","SO","D","D22","19","U4484",0,0,0
"658","2016","SO","D","D22","19","U4485",0,0,0
"659","2016","SO","D","D22","19","U4486",1,0,1
"660","2016","SO","D","D22","19","U4487",0,0,0
"661","2016","SO","D","D22","19","U4488",1,0,1
"662","2016","SO","D","D22","19","U4553",0,0,0
"663","2016","SO","D","D22","19","U4586",0,0,0
"664","2016","SO","D","D22","19","U4587",0,0,0
"665","2016","SO","D","D22","19","U4609",0,0,0
"666","2016","SO","D","D22","19","U4610",1,0,1
"667","2016","SO","D","D22","19","U4611",1,0,1
"668","2016","SO","D","D22","19","U4612",0,0,0
"669","2016","CU","J","J02","20","U3672",0,0,0
"670","2016","CU","J","J02","20","U3673",1,0,1
"671","2016","CU","J","J02","20","U3674",2,1,3
"672","2016","CU","J","J02","20","U3675",0,0,0
"673","2016","CU","J","J02","20","U3676",1,0,1
"674","2016","CU","J","J02","20","U3677",0,0,0
"675","2016","CU","J","J02","20","U3678",2,0,2
"676","2016","CU","J","J02","20","U3679",0,0,0
"677","2016","CU","J","J02","20","U3680",0,0,0
"678","2016","CU","J","J02","20","U3681",1,0,1
"679","2016","PI","J","J02","20","U3808",0,1,1
"680","2016","PI","J","J02","20","U3809",1,0,1
"681","2016","PI","J","J02","20","U3810",0,0,0
"682","2016","PI","J","J02","20","U3811",1,0,1
"683","2016","PI","J","J02","20","U3812",0,0,0
"684","2016","PI","J","J02","20","U3813",1,0,1
"685","2016","SO","J","J02","20","U1761",0,0,0
"686","2016","SO","J","J02","20","U1762",0,0,0
"687","2016","SO","J","J02","20","U1763",2,0,2
"688","2016","SO","J","J02","20","U1764",1,1,2
"689","2016","SO","J","J02","20","U1765",0,0,0
"690","2016","SO","J","J02","20","U1766",0,0,0
"691","2016","SO","J","J02","20","U1767",0,0,0
"692","2016","SO","J","J02","20","U1768",0,0,0
"693","2016","SO","J","J02","20","U1769",0,0,0
"694","2016","SO","J","J02","20","U1770",0,0,0
"695","2016","SO","J","J02","20","U4396",1,0,1
"696","2016","SO","J","J02","20","U4397",0,0,0
"697","2016","SO","J","J02","20","U4398",1,0,1
"698","2016","SO","J","J02","20","U4399",1,0,1
"699","2016","SO","J","J02","20","U4425",0,0,0
"700","2016","SO","J","J02","20","U4426",0,0,0
"701","2016","SO","J","J02","20","U4427",0,0,0
"702","2016","SO","J","J02","20","U4428",0,0,0
"703","2016","SO","J","J02","20","U4442",0,0,0
"704","2016","CU","J","J02","21","U3653",0,0,0
"705","2016","CU","J","J02","21","U3654",0,0,0
"706","2016","CU","J","J02","21","U3655",0,1,1
"707","2016","CU","J","J02","21","U3656",0,0,0
"708","2016","CU","J","J02","21","U3657",0,0,0
"709","2016","CU","J","J02","21","U3658",0,0,0
"710","2016","CU","J","J02","21","U3659",0,0,0
"711","2016","CU","J","J02","21","U3660",0,0,0
"712","2016","CU","J","J02","21","U3661",1,0,1
"713","2016","CU","J","J02","21","U3662",0,0,0
"714","2016","PI","J","J02","21","U3801",0,1,1
"715","2016","PI","J","J02","21","U3802",1,0,1
"716","2016","PI","J","J02","21","U3803",0,1,1
"717","2016","PI","J","J02","21","U3804",0,0,0
"718","2016","PI","J","J02","21","U3805",0,1,1
"719","2016","PI","J","J02","21","U3806",0,0,0
"720","2016","PI","J","J02","21","U3807",0,0,0
"721","2016","PI","J","J02","21","U3819",2,0,2
"722","2016","PI","J","J02","21","U3820",2,1,3
"723","2016","PI","J","J02","21","U3821",0,1,1
"724","2016","SO","J","J02","21","U1859",2,0,2
"725","2016","SO","J","J02","21","U1860",0,0,0
"726","2016","SO","J","J02","21","U1870",3,0,3
"727","2016","SO","J","J02","21","U1876",0,0,0
"728","2016","SO","J","J02","21","U1877",0,0,0
"729","2016","SO","J","J02","21","U1886",1,0,1
"730","2016","SO","J","J02","21","U1887",2,0,2
"731","2016","SO","J","J02","21","U1888",1,0,1
"732","2016","SO","J","J02","21","U1889",4,0,4
"733","2016","SO","J","J02","21","U1890",1,0,1
"734","2016","SO","J","J02","21","U1892",0,0,0
"735","2016","SO","J","J02","21","U1893",0,0,0
"736","2016","SO","J","J02","21","U1894",1,0,1
"737","2016","SO","J","J02","21","U1895",0,0,0
"738","2016","SO","J","J02","21","U1896",0,0,0
"739","2016","SO","J","J02","21","U1897",0,0,0
"740","2016","SO","J","J02","21","U1898",2,0,2
"741","2016","SO","J","J02","21","U1899",1,0,1
"742","2016","SO","J","J02","21","U1900",1,0,1
"743","2016","SO","J","J02","21","U1901",0,0,0
"744","2016","SO","J","J02","21","U4532",1,0,1
"745","2016","SO","J","J02","21","U4559",0,0,0
"746","2016","CU","D","D22","22","U3633",0,0,0
"747","2016","CU","D","D22","22","U3634",0,0,0
"748","2016","CU","D","D22","22","U3635",0,0,0
"749","2016","CU","D","D22","22","U3636",0,0,0
"750","2016","CU","D","D22","22","U3637",1,0,1
"751","2016","CU","D","D22","22","U3638",0,0,0
"752","2016","CU","D","D22","22","U3639",0,0,0
"753","2016","CU","D","D22","22","U3640",0,0,0
"754","2016","CU","D","D22","22","U3641",0,0,0
"755","2016","CU","D","D22","22","U3642",0,0,0
"756","2016","PI","D","D22","22","U3782",0,2,2
"757","2016","PI","D","D22","22","U3783",0,0,0
"758","2016","PI","D","D22","22","U3784",0,0,0
"759","2016","PI","D","D22","22","U3785",0,0,0
"760","2016","PI","D","D22","22","U3786",0,0,0
"761","2016","PI","D","D22","22","U3787",0,0,0
"762","2016","PI","D","D22","22","U3788",0,0,0
"763","2016","PI","D","D22","22","U3789",0,1,1
"764","2016","PI","D","D22","22","U3790",0,0,0
"765","2016","PI","D","D22","22","U3791",0,0,0
"766","2016","SO","D","D22","22","U1878",0,0,0
"767","2016","SO","D","D22","22","U1879",0,0,0
"768","2016","SO","D","D22","22","U1880",2,0,2
"769","2016","SO","D","D22","22","U1911",0,0,0
"770","2016","SO","D","D22","22","U1912",0,0,0
"771","2016","SO","D","D22","22","U1932",0,0,0
"772","2016","SO","D","D22","22","U1971",1,0,1
"773","2016","SO","D","D22","22","U1972",0,0,0
"774","2016","SO","D","D22","22","U1973",1,0,1
"775","2016","SO","D","D22","22","U1974",0,0,0
"776","2016","SO","D","D22","22","U4438",0,0,0
"777","2016","SO","D","D22","22","U4439",3,1,4
"778","2016","SO","D","D22","22","U4440",1,0,1
"779","2016","SO","D","D22","22","U4463",1,0,1
"780","2016","SO","D","D22","22","U4464",0,1,1
"781","2016","SO","D","D22","22","U4465",0,0,0
"782","2016","SO","D","D22","22","U4489",0,0,0
"783","2016","SO","D","D22","22","U4490",0,0,0
"784","2016","SO","D","D22","22","U4491",0,0,0
"785","2016","SO","D","D22","22","U4492",0,0,0
"786","2016","SO","D","D22","22","U4564",0,0,0
"787","2016","SO","D","D22","22","U4565",0,0,0
"788","2016","SO","D","D22","22","U4629",0,0,0
"789","2016","SO","D","D22","22","U4630",0,0,0
"790","2016","SO","D","D22","22","U4631",0,0,0
"791","2016","SO","D","D22","22","U4637",0,0,0
"792","2016","SO","D","D22","22","U4638",2,0,2
"793","2016","SO","D","D22","22","U4660",0,1,1
"794","2016","SO","D","D22","22","U4661",0,0,0
"795","2016","SO","D","D22","22","U4662",0,0,0
"796","2016","CU","J","J09","23","U3643",1,0,1
"797","2016","CU","J","J09","23","U3644",0,0,0
"798","2016","CU","J","J09","23","U3645",0,0,0
"799","2016","CU","J","J09","23","U3646",0,0,0
"800","2016","CU","J","J09","23","U3647",0,0,0
"801","2016","CU","J","J09","23","U3648",1,0,1
"802","2016","CU","J","J09","23","U3649",0,1,1
"803","2016","CU","J","J09","23","U3650",0,0,0
"804","2016","CU","J","J09","23","U3651",0,0,0
"805","2016","CU","J","J09","23","U3652",0,0,0
"806","2016","PI","J","J09","23","U3867",0,0,0
"807","2016","PI","J","J09","23","U3878",1,0,1
"808","2016","PI","J","J09","23","U3879",0,0,0
"809","2016","PI","J","J09","23","U3880",0,0,0
"810","2016","PI","J","J09","23","U3881",2,0,2
"811","2016","SO","J","J09","23","U1751",0,0,0
"812","2016","SO","J","J09","23","U1752",0,0,0
"813","2016","SO","J","J09","23","U1753",0,0,0
"814","2016","SO","J","J09","23","U1754",0,0,0
"815","2016","SO","J","J09","23","U1755",0,0,0
"816","2016","SO","J","J09","23","U1756",0,0,0
"817","2016","SO","J","J09","23","U1757",0,0,0
"818","2016","SO","J","J09","23","U1758",1,0,1
"819","2016","SO","J","J09","23","U1759",0,0,0
"820","2016","SO","J","J09","23","U1760",1,0,1
"821","2016","SO","J","J09","23","U1806",0,0,0
"822","2016","SO","J","J09","23","U1807",0,0,0
"823","2016","SO","J","J09","23","U1808",0,0,0
"824","2016","SO","J","J09","23","U1809",0,0,0
"825","2016","SO","J","J09","23","U1810",1,0,1
"826","2016","SO","J","J09","23","U1816",0,0,0
"827","2016","SO","J","J09","23","U1817",0,0,0
"828","2016","SO","J","J09","23","U1818",0,0,0
"829","2016","SO","J","J09","23","U1821",1,0,1
"830","2016","SO","J","J09","23","U1822",0,0,0
"831","2016","CU","J","J03","24","U3739",3,0,3
"832","2016","CU","J","J03","24","U3740",1,6,7
"833","2016","CU","J","J03","24","U3741",0,0,0
"834","2016","CU","J","J03","24","U3742",1,1,2
"835","2016","CU","J","J03","24","U4036",0,0,0
"836","2016","CU","J","J03","24","U4041",0,0,0
"837","2016","PI","J","J03","24","U3896",0,1,1
"838","2016","PI","J","J03","24","U3897",3,0,3
"839","2016","PI","J","J03","24","U3898",1,0,1
"840","2016","PI","J","J03","24","U3899",0,0,0
"841","2016","PI","J","J03","24","U3900",2,1,3
"842","2016","PI","J","J03","24","U3901",1,0,1
"843","2016","PI","J","J03","24","U4903",0,0,0
"844","2016","PI","J","J03","24","U4904",2,0,2
"845","2016","PI","J","J03","24","U4905",0,0,0
"846","2016","PI","J","J03","24","U4906",0,1,1
"847","2016","SO","J","J03","24","U2156",0,0,0
"848","2016","SO","J","J03","24","U2157",0,0,0
"849","2016","SO","J","J03","24","U2158",0,0,0
"850","2016","SO","J","J03","24","U2183",1,0,1
"851","2016","SO","J","J03","24","U2184",1,1,2
"852","2016","SO","J","J03","24","U2185",1,0,1
"853","2016","SO","J","J03","24","U2186",3,0,3
"854","2016","SO","J","J03","24","U2187",0,0,0
"855","2016","SO","J","J03","24","U2188",0,0,0
"856","2016","SO","J","J03","24","U2189",0,0,0
"857","2016","SO","J","J03","24","U4249",0,0,0
"858","2016","SO","J","J03","24","U4250",0,0,0
"859","2016","SO","J","J03","24","U4251",1,0,1
"860","2016","SO","J","J03","24","U4252",1,0,1
"861","2016","SO","J","J03","24","U4253",0,0,0
"862","2016","SO","J","J03","24","U4254",3,0,3
"863","2016","SO","J","J03","24","U4255",0,0,0
"864","2016","SO","J","J03","24","U4256",2,0,2
"865","2016","SO","J","J03","24","U4257",1,0,1
"866","2016","SO","J","J03","24","U4258",0,0,0
"867","2016","SO","J","J03","24","U4533",0,0,0
"868","2016","SO","J","J03","24","U4534",1,0,1
"869","2016","SO","J","J03","24","U4535",2,0,2
"870","2016","SO","J","J03","24","U4536",0,0,0
"871","2016","SO","J","J03","24","U4560",0,0,0
"872","2016","SO","J","J03","24","U4561",0,0,0
"873","2016","SO","J","J03","24","U4622",0,0,0
"874","2016","SO","J","J03","24","U4623",1,0,1
"875","2016","SO","J","J03","24","U4624",3,0,3
"876","2016","SO","J","J03","24","U4625",0,0,0
"877","2016","CU","D","D22","25","U3336",0,0,0
"878","2016","CU","D","D22","25","U3337",0,0,0
"879","2016","CU","D","D22","25","U3338",0,0,0
"880","2016","CU","D","D22","25","U3339",2,0,2
"881","2016","CU","D","D22","25","U3340",0,0,0
"882","2016","CU","D","D22","25","U3341",0,1,1
"883","2016","CU","D","D22","25","U3601",0,0,0
"884","2016","CU","D","D22","25","U3602",1,0,1
"885","2016","CU","D","D22","25","U3603",0,0,0
"886","2016","CU","D","D22","25","U3604",0,0,0
"887","2016","PI","D","D22","25","U2553",0,0,0
"888","2016","PI","D","D22","25","U2554",0,0,0
"889","2016","PI","D","D22","25","U2555",0,0,0
"890","2016","PI","D","D22","25","U3414",0,0,0
"891","2016","PI","D","D22","25","U3415",0,0,0
"892","2016","PI","D","D22","25","U3416",0,0,0
"893","2016","PI","D","D22","25","U3417",1,0,1
"894","2016","PI","D","D22","25","U3418",0,0,0
"895","2016","PI","D","D22","25","U3419",0,0,0
"896","2016","SO","D","D22","25","U1654",0,0,0
"897","2016","SO","D","D22","25","U1655",0,0,0
"898","2016","SO","D","D22","25","U1656",0,0,0
"899","2016","SO","D","D22","25","U1661",0,0,0
"900","2016","SO","D","D22","25","U1662",0,0,0
"901","2016","SO","D","D22","25","U1663",0,0,0
"902","2016","SO","D","D22","25","U1671",1,0,1
"903","2016","SO","D","D22","25","U1672",0,0,0
"904","2016","SO","D","D22","25","U1673",0,0,0
"905","2016","SO","D","D22","25","U1674",0,0,0
"906","2016","SO","D","D22","25","U1801",0,0,0
"907","2016","SO","D","D22","25","U1802",0,0,0
"908","2016","SO","D","D22","25","U1803",0,0,0
"909","2016","SO","D","D22","25","U1804",0,0,0
"910","2016","SO","D","D22","25","U1805",0,0,0
"911","2016","SO","D","D22","25","U1811",1,0,1
"912","2016","SO","D","D22","25","U1812",0,0,0
"913","2016","SO","D","D22","25","U1813",0,0,0
"914","2016","SO","D","D22","25","U1814",0,0,0
"915","2016","SO","D","D22","25","U1815",0,0,0
"916","2016","CU","J","J02","26","U2947",0,0,0
"917","2016","CU","J","J02","26","U2948",0,0,0
"918","2016","CU","J","J02","26","U2949",0,0,0
"919","2016","CU","J","J02","26","U2950",0,0,0
"920","2016","CU","J","J02","26","U2951",1,0,1
"921","2016","CU","J","J02","26","U3196",0,1,1
"922","2016","CU","J","J02","26","U3197",0,0,0
"923","2016","CU","J","J02","26","U3198",0,0,0
"924","2016","CU","J","J02","26","U3199",0,1,1
"925","2016","CU","J","J02","26","U3200",0,1,1
"926","2016","PI","J","J02","26","U3834",0,1,1
"927","2016","PI","J","J02","26","U3835",1,0,1
"928","2016","PI","J","J02","26","U3836",0,0,0
"929","2016","PI","J","J02","26","U3837",0,0,0
"930","2016","PI","J","J02","26","U3838",0,1,1
"931","2016","PI","J","J02","26","U3839",0,0,0
"932","2016","PI","J","J02","26","U3840",0,0,0
"933","2016","PI","J","J02","26","U3887",0,1,1
"934","2016","PI","J","J02","26","U3888",0,2,2
"935","2016","PI","J","J02","26","U3889",0,0,0
"936","2016","SO","J","J02","26","U1667",0,0,0
"937","2016","SO","J","J02","26","U1668",0,0,0
"938","2016","SO","J","J02","26","U1669",3,0,3
"939","2016","SO","J","J02","26","U1670",2,0,2
"940","2016","SO","J","J02","26","U1678",0,0,0
"941","2016","SO","J","J02","26","U1691",0,0,0
"942","2016","SO","J","J02","26","U1692",0,0,0
"943","2016","SO","J","J02","26","U1693",1,0,1
"944","2016","SO","J","J02","26","U1701",0,0,0
"945","2016","SO","J","J02","26","U1702",0,0,0
"946","2016","CU","D","D09","27","U2978",0,0,0
"947","2016","CU","D","D09","27","U2979",0,0,0
"948","2016","CU","D","D09","27","U3325",0,0,0
"949","2016","CU","D","D09","27","U3326",0,0,0
"950","2016","CU","D","D09","27","U3327",0,0,0
"951","2016","CU","D","D09","27","U3328",1,0,1
"952","2016","CU","D","D09","27","U3329",0,0,0
"953","2016","CU","D","D09","27","U3501",0,0,0
"954","2016","CU","D","D09","27","U3502",0,1,1
"955","2016","CU","D","D09","27","U3503",0,0,0
"956","2016","PI","D","D09","27","U3762",0,0,0
"957","2016","PI","D","D09","27","U3763",0,0,0
"958","2016","PI","D","D09","27","U3764",0,0,0
"959","2016","PI","D","D09","27","U3765",0,0,0
"960","2016","PI","D","D09","27","U3766",2,0,2
"961","2016","PI","D","D09","27","U3767",0,0,0
"962","2016","PI","D","D09","27","U3768",2,0,2
"963","2016","PI","D","D09","27","U3769",1,1,2
"964","2016","PI","D","D09","27","U3770",0,0,0
"965","2016","PI","D","D09","27","U3771",1,0,1
"966","2016","SO","D","D09","27","U1791",0,0,0
"967","2016","SO","D","D09","27","U1792",0,0,0
"968","2016","SO","D","D09","27","U1793",0,0,0
"969","2016","SO","D","D09","27","U1794",0,0,0
"970","2016","SO","D","D09","27","U1795",0,0,0
"971","2016","SO","D","D09","27","U1796",0,0,0
"972","2016","SO","D","D09","27","U1797",1,0,1
"973","2016","SO","D","D09","27","U1798",2,0,2
"974","2016","SO","D","D09","27","U1799",0,0,0
"975","2016","SO","D","D09","27","U1800",0,0,0
"976","2016","SO","D","D09","27","U4177",1,0,1
"977","2016","SO","D","D09","27","U4292",1,0,1
"978","2016","SO","D","D09","27","U4293",0,0,0
"979","2016","SO","D","D09","27","U4294",0,0,0
"980","2016","SO","D","D09","27","U4295",0,0,0
"981","2016","SO","D","D09","27","U4296",0,0,0
"982","2016","SO","D","D09","27","U4302",0,0,0
"983","2016","SO","D","D09","27","U4303",0,0,0
"984","2016","SO","D","D09","27","U4304",0,0,0
"985","2016","SO","D","D09","27","U4305",0,0,0
"986","2016","CU","D","D22","28","U3330",0,0,0
"987","2016","CU","D","D22","28","U3331",0,0,0
"988","2016","CU","D","D22","28","U3332",0,0,0
"989","2016","CU","D","D22","28","U3333",0,0,0
"990","2016","CU","D","D22","28","U3334",0,0,0
"991","2016","CU","D","D22","28","U3335",0,0,0
"992","2016","CU","D","D22","28","U3504",0,0,0
"993","2016","CU","D","D22","28","U3505",0,0,0
"994","2016","CU","D","D22","28","U3506",0,0,0
"995","2016","CU","D","D22","28","U3507",0,0,0
"996","2016","PI","D","D22","28","U3824",1,0,1
"997","2016","PI","D","D22","28","U3825",0,0,0
"998","2016","PI","D","D22","28","U3826",0,0,0
"999","2016","PI","D","D22","28","U3827",0,0,0
"1000","2016","PI","D","D22","28","U3828",0,0,0
"1001","2016","PI","D","D22","28","U3829",0,0,0
"1002","2016","PI","D","D22","28","U3830",0,0,0
"1003","2016","PI","D","D22","28","U3831",0,0,0
"1004","2016","PI","D","D22","28","U3832",0,0,0
"1005","2016","PI","D","D22","28","U3833",1,0,1
"1006","2016","SO","D","D22","28","U1694",0,0,0
"1007","2016","SO","D","D22","28","U1703",1,0,1
"1008","2016","SO","D","D22","28","U1704",0,0,0
"1009","2016","SO","D","D22","28","U1705",0,0,0
"1010","2016","SO","D","D22","28","U1706",0,0,0
"1011","2016","SO","D","D22","28","U1707",0,0,0
"1012","2016","SO","D","D22","28","U1708",0,0,0
"1013","2016","SO","D","D22","28","U1709",0,0,0
"1014","2016","SO","D","D22","28","U1710",0,0,0
"1015","2016","SO","D","D22","28","U1711",0,0,0
"1016","2016","SO","D","D22","28","U4196",0,0,0
"1017","2016","SO","D","D22","28","U4197",2,0,2
"1018","2016","SO","D","D22","28","U4198",0,0,0
"1019","2016","SO","D","D22","28","U4199",0,0,0
"1020","2016","SO","D","D22","28","U4200",0,0,0
"1021","2016","SO","D","D22","28","U4222",1,0,1
"1022","2016","SO","D","D22","28","U4223",0,0,0
"1023","2016","SO","D","D22","28","U4224",0,0,0
"1024","2016","SO","D","D22","28","U4314",5,0,5
"1025","2016","SO","D","D22","28","U4315",0,1,1
"1026","2016","SO","D","D22","28","U4316",2,0,2
"1027","2016","SO","D","D22","28","U4317",0,0,0
"1028","2016","SO","D","D22","28","U4344",0,0,0
"1029","2016","SO","D","D22","28","U4345",0,0,0
"1030","2016","SO","D","D22","28","U4393",0,0,0
"1031","2016","SO","D","D22","28","U4394",1,0,1
"1032","2016","SO","D","D22","28","U4417",0,0,0
"1033","2016","SO","D","D22","28","U4418",0,0,0
"1034","2016","SO","D","D22","28","U4419",1,0,1
"1035","2016","SO","D","D22","28","U4420",0,0,0
"1036","2016","CU","J","J03","29","U3734",0,0,0
"1037","2016","CU","J","J03","29","U3735",0,0,0
"1038","2016","CU","J","J03","29","U3736",0,0,0
"1039","2016","CU","J","J03","29","U3737",0,0,0
"1040","2016","CU","J","J03","29","U3738",1,0,1
"1041","2016","CU","J","J03","29","U4032",0,0,0
"1042","2016","CU","J","J03","29","U4033",0,1,1
"1043","2016","CU","J","J03","29","U4034",0,0,0
"1044","2016","CU","J","J03","29","U4035",0,0,0
"1045","2016","CU","J","J03","29","U4040",1,0,1
"1046","2016","PI","J","J03","29","U3906",1,0,1
"1047","2016","PI","J","J03","29","U3907",1,0,1
"1048","2016","PI","J","J03","29","U4909",1,0,1
"1049","2016","PI","J","J03","29","U4910",0,0,0
"1050","2016","PI","J","J03","29","U4911",0,0,0
"1051","2016","PI","J","J03","29","U4912",1,0,1
"1052","2016","PI","J","J03","29","U4913",2,0,2
"1053","2016","PI","J","J03","29","U4914",0,0,0
"1054","2016","PI","J","J03","29","U4915",0,0,0
"1055","2016","PI","J","J03","29","U4916",1,0,1
"1056","2016","SO","J","J03","29","U2215",0,0,0
"1057","2016","SO","J","J03","29","U2216",0,0,0
"1058","2016","SO","J","J03","29","U2217",0,0,0
"1059","2016","SO","J","J03","29","U2218",0,0,0
"1060","2016","SO","J","J03","29","U2219",0,0,0
"1061","2016","SO","J","J03","29","U2220",0,0,0
"1062","2016","CU","J","J09","30","U3693",0,0,0
"1063","2016","CU","J","J09","30","U3694",0,0,0
"1064","2016","CU","J","J09","30","U3695",0,0,0
"1065","2016","CU","J","J09","30","U3696",0,0,0
"1066","2016","CU","J","J09","30","U3697",0,0,0
"1067","2016","CU","J","J09","30","U3698",0,0,0
"1068","2016","CU","J","J09","30","U3699",0,0,0
"1069","2016","CU","J","J09","30","U3700",1,0,1
"1070","2016","CU","J","J09","30","U3701",1,0,1
"1071","2016","CU","J","J09","30","U3702",0,0,0
"1072","2016","PI","J","J09","30","U2551",0,0,0
"1073","2016","PI","J","J09","30","U2552",0,0,0
"1074","2016","PI","J","J09","30","U3286",0,0,0
"1075","2016","PI","J","J09","30","U3287",0,0,0
"1076","2016","PI","J","J09","30","U3288",2,0,2
"1077","2016","PI","J","J09","30","U3289",1,0,1
"1078","2016","PI","J","J09","30","U3290",0,0,0
"1079","2016","PI","J","J09","30","U3291",0,0,0
"1080","2016","PI","J","J09","30","U3292",0,0,0
"1081","2016","PI","J","J09","30","U3293",1,0,1
"1082","2016","SO","J","J09","30","U1721",1,0,1
"1083","2016","SO","J","J09","30","U1722",1,0,1
"1084","2016","SO","J","J09","30","U1723",2,0,2
"1085","2016","SO","J","J09","30","U1724",1,0,1
"1086","2016","SO","J","J09","30","U1725",0,0,0
"1087","2016","SO","J","J09","30","U1726",0,0,0
"1088","2016","SO","J","J09","30","U1727",2,0,2
"1089","2016","SO","J","J09","30","U1728",1,0,1
"1090","2016","SO","J","J09","30","U1729",4,0,4
"1091","2016","SO","J","J09","30","U1730",3,0,3
"1092","2016","SO","J","J09","30","U4178",0,0,0
"1093","2016","SO","J","J09","30","U4179",0,0,0
"1094","2016","SO","J","J09","30","U4180",0,0,0
"1095","2016","SO","J","J09","30","U4181",0,0,0
"1096","2016","SO","J","J09","30","U4182",0,0,0
"1097","2016","SO","J","J09","30","U4183",0,0,0
"1098","2016","SO","J","J09","30","U4184",1,0,1
"1099","2016","SO","J","J09","30","U4306",0,0,0
"1100","2016","SO","J","J09","30","U4307",4,0,4
"1101","2016","SO","J","J09","30","U4308",4,1,5
"1102","2016","CU","D","D09","31","U2952",0,0,0
"1103","2016","CU","D","D09","31","U2953",0,0,0
"1104","2016","CU","D","D09","31","U2954",0,0,0
"1105","2016","CU","D","D09","31","U2955",0,0,0
"1106","2016","CU","D","D09","31","U2956",1,0,1
"1107","2016","CU","D","D09","31","U2957",0,0,0
"1108","2016","CU","D","D09","31","U2981",0,0,0
"1109","2016","CU","D","D09","31","U2982",1,0,1
"1110","2016","CU","D","D09","31","U2983",0,3,3
"1111","2016","CU","D","D09","31","U2984",0,0,0
"1112","2016","PI","D","D09","31","U3404",0,0,0
"1113","2016","PI","D","D09","31","U3405",0,0,0
"1114","2016","PI","D","D09","31","U3406",1,2,3
"1115","2016","PI","D","D09","31","U3407",0,0,0
"1116","2016","PI","D","D09","31","U3408",0,0,0
"1117","2016","PI","D","D09","31","U3409",0,0,0
"1118","2016","PI","D","D09","31","U3410",0,0,0
"1119","2016","PI","D","D09","31","U3411",0,0,0
"1120","2016","PI","D","D09","31","U3412",1,2,3
"1121","2016","PI","D","D09","31","U3413",0,0,0
"1122","2016","SO","D","D09","31","U1836",0,0,0
"1123","2016","SO","D","D09","31","U1837",1,0,1
"1124","2016","SO","D","D09","31","U1842",1,0,1
"1125","2016","SO","D","D09","31","U1843",0,0,0
"1126","2016","SO","D","D09","31","U1847",0,0,0
"1127","2016","SO","D","D09","31","U1848",0,0,0
"1128","2016","SO","D","D09","31","U1849",1,0,1
"1129","2016","SO","D","D09","31","U1850",0,0,0
"1130","2016","SO","D","D09","31","U1852",0,0,0
"1131","2016","SO","D","D09","31","U1853",0,0,0
"1132","2016","SO","D","D09","31","U4519",0,0,0
"1133","2016","SO","D","D09","31","U4540",0,0,0
"1134","2016","SO","D","D09","31","U4541",0,0,0
"1135","2016","SO","D","D09","31","U4542",0,0,0
"1136","2016","CU","J","J03","32","U3731",0,0,0
"1137","2016","CU","J","J03","32","U3732",0,0,0
"1138","2016","CU","J","J03","32","U3733",0,0,0
"1139","2016","CU","J","J03","32","U4028",0,0,0
"1140","2016","CU","J","J03","32","U4029",0,0,0
"1141","2016","CU","J","J03","32","U4030",2,0,2
"1142","2016","CU","J","J03","32","U4031",1,0,1
"1143","2016","CU","J","J03","32","U4037",0,0,0
"1144","2016","CU","J","J03","32","U4038",0,0,0
"1145","2016","CU","J","J03","32","U4039",1,0,1
"1146","2016","PI","J","J03","32","U3850",2,0,2
"1147","2016","PI","J","J03","32","U3851",1,0,1
"1148","2016","PI","J","J03","32","U3892",0,0,0
"1149","2016","PI","J","J03","32","U3893",0,0,0
"1150","2016","PI","J","J03","32","U3894",0,0,0
"1151","2016","PI","J","J03","32","U3895",0,0,0
"1152","2016","PI","J","J03","32","U3908",0,0,0
"1153","2016","PI","J","J03","32","U3909",0,0,0
"1154","2016","PI","J","J03","32","U4901",1,1,2
"1155","2016","PI","J","J03","32","U4902",2,2,4
"1156","2016","SO","J","J03","32","U2100",0,0,0
"1157","2016","SO","J","J03","32","U2101",0,0,0
"1158","2016","SO","J","J03","32","U2102",0,0,0
"1159","2016","SO","J","J03","32","U2103",0,0,0
"1160","2016","SO","J","J03","32","U2104",0,0,0
"1161","2016","SO","J","J03","32","U2105",2,0,2
"1162","2016","SO","J","J03","32","U2106",0,0,0
"1163","2016","SO","J","J03","32","U2107",0,0,0
"1164","2016","SO","J","J03","32","U2108",1,0,1
"1165","2016","SO","J","J03","32","U2109",0,0,0
"1166","2016","SO","J","J03","32","U4239",0,0,0
"1167","2016","SO","J","J03","32","U4240",0,0,0
"1168","2016","SO","J","J03","32","U4241",0,0,0
"1169","2016","SO","J","J03","32","U4242",0,0,0
"1170","2016","SO","J","J03","32","U4243",0,0,0
"1171","2016","SO","J","J03","32","U4244",1,0,1
"1172","2016","SO","J","J03","32","U4245",0,0,0
"1173","2016","SO","J","J03","32","U4246",1,0,1
"1174","2016","SO","J","J03","32","U4247",0,0,0
"1175","2016","SO","J","J03","32","U4248",0,0,0
"1176","2016","SO","J","J03","32","U4409",1,0,1
"1177","2016","SO","J","J03","32","U4416",0,0,0
"1178","2016","SO","J","J03","32","U4436",0,0,0
"1179","2016","SO","J","J03","32","U4437",0,0,0
"1180","2016","SO","J","J03","32","U4461",0,0,0
"1181","2016","SO","J","J03","32","U4462",1,0,1
"1182","2016","CU","J","J09","33","U2958",0,0,0
"1183","2016","CU","J","J09","33","U2959",0,0,0
"1184","2016","CU","J","J09","33","U2960",0,0,0
"1185","2016","CU","J","J09","33","U2961",0,0,0
"1186","2016","CU","J","J09","33","U2962",0,0,0
"1187","2016","CU","J","J09","33","U2985",0,0,0
"1188","2016","CU","J","J09","33","U2986",0,0,0
"1189","2016","CU","J","J09","33","U2987",0,0,0
"1190","2016","CU","J","J09","33","U2988",0,0,0
"1191","2016","CU","J","J09","33","U2989",0,0,0
"1192","2016","PI","J","J09","33","U3294",1,0,1
"1193","2016","PI","J","J09","33","U3295",1,0,1
"1194","2016","PI","J","J09","33","U3296",1,1,2
"1195","2016","PI","J","J09","33","U3297",1,0,1
"1196","2016","PI","J","J09","33","U3298",0,0,0
"1197","2016","PI","J","J09","33","U3299",0,1,1
"1198","2016","PI","J","J09","33","U3300",0,0,0
"1199","2016","PI","J","J09","33","U3401",1,1,2
"1200","2016","PI","J","J09","33","U3402",0,0,0
"1201","2016","PI","J","J09","33","U3403",2,0,2
"1202","2016","SO","J","J09","33","U1826",0,0,0
"1203","2016","SO","J","J09","33","U1827",1,0,1
"1204","2016","SO","J","J09","33","U1828",1,0,1
"1205","2016","SO","J","J09","33","U1829",1,0,1
"1206","2016","SO","J","J09","33","U1830",1,0,1
"1207","2016","SO","J","J09","33","U1832",0,0,0
"1208","2016","SO","J","J09","33","U1833",0,0,0
"1209","2016","SO","J","J09","33","U1834",0,0,0
"1210","2016","SO","J","J09","33","U1835",0,0,0
"1211","2016","SO","J","J09","33","U1841",0,0,0
"1212","2016","SO","J","J09","33","U4403",0,0,0
"1213","2016","SO","J","J09","33","U4454",0,0,0
"1214","2016","SO","J","J09","33","U4455",0,0,0
"1215","2016","SO","J","J09","33","U4456",0,0,0
"1216","2016","SO","J","J09","33","U4457",0,0,0
"1217","2016","CU","D","D09","34","U3613",0,0,0
"1218","2016","CU","D","D09","34","U3614",0,0,0
"1219","2016","CU","D","D09","34","U3615",0,0,0
"1220","2016","CU","D","D09","34","U3616",0,0,0
"1221","2016","CU","D","D09","34","U3617",1,0,1
"1222","2016","CU","D","D09","34","U3618",0,0,0
"1223","2016","CU","D","D09","34","U3619",0,0,0
"1224","2016","CU","D","D09","34","U3620",0,0,0
"1225","2016","CU","D","D09","34","U3621",0,0,0
"1226","2016","CU","D","D09","34","U3622",0,0,0
"1227","2016","PI","D","D09","34","U3420",0,0,0
"1228","2016","PI","D","D09","34","U3421",0,0,0
"1229","2016","PI","D","D09","34","U3422",0,0,0
"1230","2016","PI","D","D09","34","U3423",0,0,0
"1231","2016","PI","D","D09","34","U3424",0,0,0
"1232","2016","PI","D","D09","34","U3425",0,0,0
"1233","2016","PI","D","D09","34","U3426",0,0,0
"1234","2016","PI","D","D09","34","U3427",2,0,2
"1235","2016","PI","D","D09","34","U3428",0,0,0
"1236","2016","PI","D","D09","34","U3429",0,0,0
"1237","2016","SO","D","D09","34","U1771",0,0,0
"1238","2016","SO","D","D09","34","U1772",0,0,0
"1239","2016","SO","D","D09","34","U1773",0,0,0
"1240","2016","SO","D","D09","34","U1774",0,0,0
"1241","2016","SO","D","D09","34","U1786",0,0,0
"1242","2016","SO","D","D09","34","U1840",0,0,0
"1243","2016","SO","D","D09","34","U1846",0,0,0
"1244","2016","SO","D","D09","34","U1851",0,0,0
"1245","2017","CU","D","D27","35","U10522",0,0,0
"1246","2017","CU","D","D27","35","U10521",0,0,0
"1247","2017","CU","D","D27","35","U10530",2,0,2
"1248","2017","CU","D","D27","35","U10524",0,0,0
"1249","2017","CU","D","D27","35","U10529",0,0,0
"1250","2017","CU","D","D27","35","U10528",0,0,0
"1251","2017","CU","D","D27","35","U10523",0,0,0
"1252","2017","CU","D","D27","35","U10525",0,0,0
"1253","2017","CU","D","D27","35","U10527",1,0,1
"1254","2017","CU","D","D27","35","U10526",0,0,0
"1255","2017","PI","D","D27","35","U10514",0,0,0
"1256","2017","PI","D","D27","35","U10517",0,0,0
"1257","2017","PI","D","D27","35","U10511",0,0,0
"1258","2017","PI","D","D27","35","U10518",1,0,1
"1259","2017","PI","D","D27","35","U10515",0,0,0
"1260","2017","PI","D","D27","35","U10516",0,0,0
"1261","2017","PI","D","D27","35","U10512",0,0,0
"1262","2017","PI","D","D27","35","U10519",0,0,0
"1263","2017","PI","D","D27","35","U10513",0,0,0
"1264","2017","PI","D","D27","35","U10520",0,0,0
"1265","2017","SO","D","D27","35","U10481",0,0,0
"1266","2017","SO","D","D27","35","U10482",0,0,0
"1267","2017","SO","D","D27","35","U10483",0,0,0
"1268","2017","SO","D","D27","35","U10484",0,0,0
"1269","2017","SO","D","D27","35","U10485",0,0,0
"1270","2017","SO","D","D27","35","U10486",0,0,0
"1271","2017","SO","D","D27","35","U10487",0,0,0
"1272","2017","SO","D","D27","35","U10488",0,0,0
"1273","2017","SO","D","D27","35","U10490",1,0,1
"1274","2017","SO","D","D27","35","U10489",0,0,0
"1275","2017","SO","D","D27","35","U10506",1,0,1
"1276","2017","SO","D","D27","35","U10505",0,0,0
"1277","2017","SO","D","D27","35","U10504",0,0,0
"1278","2017","SO","D","D27","35","U10510",0,0,0
"1279","2017","SO","D","D27","35","U10509",0,0,0
"1280","2017","SO","D","D27","35","U10503",2,0,2
"1281","2017","SO","D","D27","35","U10507",0,0,0
"1282","2017","SO","D","D27","35","U10502",1,0,1
"1283","2017","SO","D","D27","35","U10508",0,0,0
"1284","2017","SO","D","D27","35","U10501",0,0,0
"1285","2017","SO","D","D27","35","U10496",0,0,0
"1286","2017","SO","D","D27","35","U10491",0,0,0
"1287","2017","SO","D","D27","35","U10497",0,0,0
"1288","2017","SO","D","D27","35","U10499",0,0,0
"1289","2017","SO","D","D27","35","U10492",0,0,0
"1290","2017","SO","D","D27","35","U10498",0,0,0
"1291","2017","SO","D","D27","35","U10500",0,0,0
"1292","2017","SO","D","D27","35","U10493",0,0,0
"1293","2017","SO","D","D27","35","U10494",0,0,0
"1294","2017","SO","D","D27","35","U10495",0,0,0
"1295","2017","CU","D","D09","36","U10602",0,0,0
"1296","2017","CU","D","D09","36","U10603",0,0,0
"1297","2017","CU","D","D09","36","U10604",0,0,0
"1298","2017","CU","D","D09","36","U10605",0,0,0
"1299","2017","CU","D","D09","36","U10601",0,0,0
"1300","2017","CU","D","D09","36","U10606",1,0,1
"1301","2017","CU","D","D09","36","U10610",1,0,1
"1302","2017","CU","D","D09","36","U10609",0,0,0
"1303","2017","CU","D","D09","36","U10608",0,0,0
"1304","2017","CU","D","D09","36","U10607",0,0,0
"1305","2017","PI","D","D09","36","U10593",1,0,1
"1306","2017","PI","D","D09","36","U10592",0,0,0
"1307","2017","PI","D","D09","36","U10591",0,0,0
"1308","2017","PI","D","D09","36","U10594",0,0,0
"1309","2017","PI","D","D09","36","U10595",0,0,0
"1310","2017","SO","D","D09","36","U10562",0,0,0
"1311","2017","SO","D","D09","36","U10564",0,0,0
"1312","2017","SO","D","D09","36","U10565",1,0,1
"1313","2017","SO","D","D09","36","U10566",0,0,0
"1314","2017","SO","D","D09","36","U10569",1,0,1
"1315","2017","SO","D","D09","36","U10584",0,0,0
"1316","2017","SO","D","D09","36","U10590",1,0,1
"1317","2017","SO","D","D09","36","U10588",0,0,0
"1318","2017","SO","D","D09","36","U10585",0,0,0
"1319","2017","SO","D","D09","36","U10581",0,0,0
"1320","2017","SO","D","D09","36","U10587",0,0,0
"1321","2017","SO","D","D09","36","U10582",0,0,0
"1322","2017","SO","D","D09","36","U10583",0,0,0
"1323","2017","SO","D","D09","36","U10586",0,0,0
"1324","2017","SO","D","D09","36","U10589",0,0,0
"1325","2017","SO","D","D09","36","U10571",0,0,0
"1326","2017","SO","D","D09","36","U10580",1,0,1
"1327","2017","SO","D","D09","36","U10572",0,0,0
"1328","2017","SO","D","D09","36","U10573",0,0,0
"1329","2017","SO","D","D09","36","U10574",0,0,0
"1330","2017","SO","D","D09","36","U10575",0,0,0
"1331","2017","SO","D","D09","36","U10576",0,0,0
"1332","2017","SO","D","D09","36","U10577",0,0,0
"1333","2017","SO","D","D09","36","U10578",0,0,0
"1334","2017","SO","D","D09","36","U10579",0,0,0
"1335","2017","SO","D","D09","36","U10563",0,0,0
"1336","2017","SO","D","D09","36","U10568",0,0,0
"1337","2017","SO","D","D09","36","U10561",1,0,1
"1338","2017","SO","D","D09","36","U10567",0,0,0
"1339","2017","SO","D","D09","36","U10570",0,0,0
"1340","2017","CU","J","J02","37","U15762",0,0,0
"1341","2017","CU","J","J02","37","U15763",0,0,0
"1342","2017","CU","J","J02","37","U15764",0,0,0
"1343","2017","CU","J","J02","37","U15765",1,0,1
"1344","2017","CU","J","J02","37","U15766",0,0,0
"1345","2017","CU","J","J02","37","U15767",0,0,0
"1346","2017","CU","J","J02","37","U15768",0,0,0
"1347","2017","CU","J","J02","37","U15769",1,0,1
"1348","2017","CU","J","J02","37","U15770",0,0,0
"1349","2017","CU","J","J02","37","U15771",0,0,0
"1350","2017","CU","J","J02","37","U13008",0,0,0
"1351","2017","CU","J","J02","37","U13002",0,0,0
"1352","2017","CU","J","J02","37","U13010",0,0,0
"1353","2017","CU","J","J02","37","U13001",0,0,0
"1354","2017","CU","J","J02","37","U13005",0,0,0
"1355","2017","CU","J","J02","37","U13004",0,0,0
"1356","2017","CU","J","J02","37","U13006",0,0,0
"1357","2017","CU","J","J02","37","U13007",0,0,0
"1358","2017","CU","J","J02","37","U13003",1,0,1
"1359","2017","CU","J","J02","37","U13009",0,0,0
"1360","2017","PI","J","J02","37","U15772",0,0,0
"1361","2017","PI","J","J02","37","U15773",0,1,1
"1362","2017","PI","J","J02","37","U15774",1,0,1
"1363","2017","PI","J","J02","37","U15775",1,1,2
"1364","2017","PI","J","J02","37","U12999",1,0,1
"1365","2017","PI","J","J02","37","U12998",1,0,1
"1366","2017","PI","J","J02","37","U13000",2,0,2
"1367","2017","PI","J","J02","37","U12991",3,0,3
"1368","2017","PI","J","J02","37","U12997",0,0,0
"1369","2017","PI","J","J02","37","U12992",1,0,1
"1370","2017","PI","J","J02","37","U12996",3,0,3
"1371","2017","PI","J","J02","37","U12993",1,0,1
"1372","2017","PI","J","J02","37","U12995",0,0,0
"1373","2017","PI","J","J02","37","U12994",1,1,2
"1374","2017","SO","J","J02","37","U12961",0,0,0
"1375","2017","SO","J","J02","37","U12964",0,0,0
"1376","2017","SO","J","J02","37","U12966",0,0,0
"1377","2017","SO","J","J02","37","U12969",0,0,0
"1378","2017","SO","J","J02","37","U12970",0,0,0
"1379","2017","SO","J","J02","37","U12988",0,0,0
"1380","2017","SO","J","J02","37","U12981",0,0,0
"1381","2017","SO","J","J02","37","U12982",0,0,0
"1382","2017","SO","J","J02","37","U12983",0,0,0
"1383","2017","SO","J","J02","37","U12987",1,0,1
"1384","2017","SO","J","J02","37","U12989",0,0,0
"1385","2017","SO","J","J02","37","U12986",0,0,0
"1386","2017","SO","J","J02","37","U12990",0,0,0
"1387","2017","SO","J","J02","37","U12985",0,0,0
"1388","2017","SO","J","J02","37","U12984",0,0,0
"1389","2017","SO","J","J02","37","U12972",0,0,0
"1390","2017","SO","J","J02","37","U12974",2,0,2
"1391","2017","SO","J","J02","37","U12971",0,0,0
"1392","2017","SO","J","J02","37","U12973",2,0,2
"1393","2017","SO","J","J02","37","U12975",1,0,1
"1394","2017","SO","J","J02","37","U12976",0,0,0
"1395","2017","SO","J","J02","37","U12977",2,0,2
"1396","2017","SO","J","J02","37","U12979",0,0,0
"1397","2017","SO","J","J02","37","U12978",0,0,0
"1398","2017","SO","J","J02","37","U12980",0,0,0
"1399","2017","SO","J","J02","37","U12967",0,0,0
"1400","2017","SO","J","J02","37","U12963",0,0,0
"1401","2017","SO","J","J02","37","U12968",0,0,0
"1402","2017","SO","J","J02","37","U12965",1,0,1
"1403","2017","SO","J","J02","37","U12962",0,0,0
"1404","2018","CU","D","D09","38","U16111",0,0,0
"1405","2018","CU","D","D09","38","U16112",1,0,1
"1406","2018","CU","D","D09","38","U16113",0,0,0
"1407","2018","CU","D","D09","38","U16114",1,0,1
"1408","2018","CU","D","D09","38","U16115",0,0,0
"1409","2018","CU","D","D09","38","U16116",0,0,0
"1410","2018","CU","D","D09","38","U16117",0,0,0
"1411","2018","CU","D","D09","38","U16118",0,0,0
"1412","2018","PI","D","D09","38","U16481",0,0,0
"1413","2018","PI","D","D09","38","U16482",0,0,0
"1414","2018","PI","D","D09","38","U16483",0,0,0
"1415","2018","PI","D","D09","38","U16484",0,0,0
"1416","2018","PI","D","D09","38","U16485",0,0,0
"1417","2018","PI","D","D09","38","U16486",1,0,1
"1418","2018","PI","D","D09","38","U16487",0,0,0
"1419","2018","PI","D","D09","38","U16488",0,0,0
"1420","2018","PI","D","D09","38","U16489",0,0,0
"1421","2018","PI","D","D09","38","U16490",0,0,0
"1422","2018","SO","D","D09","38","U16061",0,0,0
"1423","2018","SO","D","D09","38","U16062",0,0,0
"1424","2018","SO","D","D09","38","U16063",0,0,0
"1425","2018","SO","D","D09","38","U16064",0,0,0
"1426","2018","SO","D","D09","38","U16065",0,0,0
"1427","2018","SO","D","D09","38","U16066",12,1,13
"1428","2018","SO","D","D09","38","U16067",1,0,1
"1429","2018","SO","D","D09","38","U16068",0,0,0
"1430","2018","SO","D","D09","38","U16069",0,0,0
"1431","2018","SO","D","D09","38","U16070",1,1,2
"1432","2018","CU","D","D09","39","U16231",0,0,0
"1433","2018","CU","D","D09","39","U16232",0,0,0
"1434","2018","CU","D","D09","39","U16233",0,0,0
"1435","2018","CU","D","D09","39","U16234",1,0,1
"1436","2018","CU","D","D09","39","U16235",0,0,0
"1437","2018","CU","D","D09","39","U16236",0,0,0
"1438","2018","CU","D","D09","39","U16237",0,0,0
"1439","2018","CU","D","D09","39","U16238",0,0,0
"1440","2018","CU","D","D09","39","U16239",0,0,0
"1441","2018","CU","D","D09","39","U16240",0,0,0
"1442","2018","PI","D","D09","39","U16221",0,0,0
"1443","2018","PI","D","D09","39","U16222",0,0,0
"1444","2018","PI","D","D09","39","U16223",0,0,0
"1445","2018","PI","D","D09","39","U16224",0,0,0
"1446","2018","PI","D","D09","39","U16225",0,0,0
"1447","2018","SO","D","D09","39","U16161",0,0,0
"1448","2018","SO","D","D09","39","U16162",0,0,0
"1449","2018","SO","D","D09","39","U16163",0,0,0
"1450","2018","SO","D","D09","39","U16164",1,0,1
"1451","2018","SO","D","D09","39","U16165",0,0,0
"1452","2018","SO","D","D09","39","U16166",0,0,0
"1453","2018","SO","D","D09","39","U16167",0,0,0
"1454","2018","SO","D","D09","39","U16168",0,0,0
"1455","2018","SO","D","D09","39","U16169",0,0,0
"1456","2018","SO","D","D09","39","U16170",0,0,0
"1457","2018","CU","J","J09","40","U16601",0,0,0
"1458","2018","CU","J","J09","40","U16602",0,0,0
"1459","2018","CU","J","J09","40","U16603",0,0,0
"1460","2018","CU","J","J09","40","U16604",0,0,0
"1461","2018","CU","J","J09","40","U16605",0,0,0
"1462","2018","CU","J","J09","40","U16606",0,0,0
"1463","2018","CU","J","J09","40","U16607",0,0,0
"1464","2018","CU","J","J09","40","U16608",0,0,0
"1465","2018","CU","J","J09","40","U16609",1,0,1
"1466","2018","CU","J","J09","40","U16610",0,0,0
"1467","2018","PI","J","J09","40","U16671",1,0,1
"1468","2018","PI","J","J09","40","U16672",1,0,1
"1469","2018","PI","J","J09","40","U16673",1,0,1
"1470","2018","PI","J","J09","40","U16674",0,0,0
"1471","2018","PI","J","J09","40","U16675",0,0,0
"1472","2018","PI","J","J09","40","U16676",1,0,1
"1473","2018","PI","J","J09","40","U16677",1,0,1
"1474","2018","PI","J","J09","40","U16678",0,0,0
"1475","2018","PI","J","J09","40","U16679",0,0,0
"1476","2018","PI","J","J09","40","U16680",0,0,0
"1477","2018","SO","J","J09","40","U16511",0,0,0
"1478","2018","SO","J","J09","40","U16512",0,0,0
"1479","2018","SO","J","J09","40","U16513",0,0,0
"1480","2018","SO","J","J09","40","U16514",0,0,0
"1481","2018","SO","J","J09","40","U16515",0,0,0
"1482","2018","SO","J","J09","40","U16516",0,0,0
"1483","2018","SO","J","J09","40","U16517",0,0,0
"1484","2018","SO","J","J09","40","U16518",0,0,0
"1485","2018","SO","J","J09","40","U16519",0,0,0
"1486","2018","SO","J","J09","40","U16520",0,0,0
"1487","2018","CU","J","J03","41","U16981",2,0,2
"1488","2018","CU","J","J03","41","U16982",0,0,0
"1489","2018","CU","J","J03","41","U16983",1,0,1
"1490","2018","CU","J","J03","41","U16984",2,0,2
"1491","2018","CU","J","J03","41","U16985",0,0,0
"1492","2018","CU","J","J03","41","U16986",0,0,0
"1493","2018","CU","J","J03","41","U16987",0,0,0
"1494","2018","CU","J","J03","41","U16988",1,0,1
"1495","2018","CU","J","J03","41","U16989",0,0,0
"1496","2018","CU","J","J03","41","U16990",1,0,1
"1497","2018","PI","J","J03","41","U16731",0,0,0
"1498","2018","PI","J","J03","41","U16732",1,0,1
"1499","2018","PI","J","J03","41","U16733",0,0,0
"1500","2018","PI","J","J03","41","U16734",1,0,1
"1501","2018","PI","J","J03","41","U16735",0,1,1
"1502","2018","PI","J","J03","41","U16736",1,0,1
"1503","2018","PI","J","J03","41","U16737",1,0,1
"1504","2018","PI","J","J03","41","U16738",2,0,2
"1505","2018","PI","J","J03","41","U16739",1,0,1
"1506","2018","PI","J","J03","41","U16740",3,0,3
"1507","2018","SO","J","J03","41","U16881",1,0,1
"1508","2018","SO","J","J03","41","U16882",0,0,0
"1509","2018","SO","J","J03","41","U16883",0,0,0
"1510","2018","SO","J","J03","41","U16884",0,0,0
"1511","2018","SO","J","J03","41","U16885",2,0,2
"1512","2018","SO","J","J03","41","U16886",0,0,0
"1513","2018","SO","J","J03","41","U16887",0,0,0
"1514","2018","SO","J","J03","41","U16888",0,0,0
"1515","2018","SO","J","J03","41","U16889",0,0,0
"1516","2018","SO","J","J03","41","U16890",1,0,1
"1517","2018","CU","D","D09","42","U16261",0,0,0
"1518","2018","CU","D","D09","42","U16262",0,0,0
"1519","2018","CU","D","D09","42","U16263",1,0,1
"1520","2018","CU","D","D09","42","U16264",0,0,0
"1521","2018","CU","D","D09","42","U16265",0,0,0
"1522","2018","CU","D","D09","42","U16266",0,0,0
"1523","2018","CU","D","D09","42","U16267",0,0,0
"1524","2018","CU","D","D09","42","U16268",0,0,0
"1525","2018","CU","D","D09","42","U16269",0,0,0
"1526","2018","CU","D","D09","42","U16270",2,0,2
"1527","2018","PI","D","D09","42","U16031",0,0,0
"1528","2018","PI","D","D09","42","U16032",0,0,0
"1529","2018","PI","D","D09","42","U16033",0,0,0
"1530","2018","PI","D","D09","42","U16034",0,0,0
"1531","2018","PI","D","D09","42","U16035",0,0,0
"1532","2018","PI","D","D09","42","U16036",0,0,0
"1533","2018","PI","D","D09","42","U16037",0,0,0
"1534","2018","PI","D","D09","42","U16038",0,0,0
"1535","2018","PI","D","D09","42","U16039",1,0,1
"1536","2018","PI","D","D09","42","U16040",0,0,0
"1537","2018","SO","D","D09","42","U16291",0,0,0
"1538","2018","SO","D","D09","42","U16292",0,0,0
"1539","2018","SO","D","D09","42","U16293",0,0,0
"1540","2018","SO","D","D09","42","U16294",0,0,0
"1541","2018","SO","D","D09","42","U16295",0,0,0
"1542","2018","SO","D","D09","42","U16296",0,0,0
"1543","2018","SO","D","D09","42","U16297",0,0,0
"1544","2018","SO","D","D09","42","U16298",1,0,1
"1545","2018","CU","D","D27","43","U17111",0,0,0
"1546","2018","CU","D","D27","43","U17112",0,0,0
"1547","2018","CU","D","D27","43","U17113",0,0,0
"1548","2018","CU","D","D27","43","U17114",0,0,0
"1549","2018","CU","D","D27","43","U17115",0,0,0
"1550","2018","CU","D","D27","43","U17116",1,0,1
"1551","2018","CU","D","D27","43","U17117",0,0,0
"1552","2018","CU","D","D27","43","U17118",1,0,1
"1553","2018","CU","D","D27","43","U17119",0,0,0
"1554","2018","CU","D","D27","43","U17120",0,0,0
"1555","2018","PI","D","D27","43","U17101",0,0,0
"1556","2018","PI","D","D27","43","U17102",2,0,2
"1557","2018","PI","D","D27","43","U17103",0,0,0
"1558","2018","PI","D","D27","43","U17104",0,0,0
"1559","2018","PI","D","D27","43","U17105",0,0,0
"1560","2018","PI","D","D27","43","U17106",1,0,1
"1561","2018","PI","D","D27","43","U17107",2,0,2
"1562","2018","PI","D","D27","43","U17108",0,0,0
"1563","2018","PI","D","D27","43","U17109",0,0,0
"1564","2018","PI","D","D27","43","U17110",1,0,1
"1565","2018","SO","D","D27","43","U17091",0,0,0
"1566","2018","SO","D","D27","43","U17092",1,0,1
"1567","2018","SO","D","D27","43","U17093",0,0,0
"1568","2018","SO","D","D27","43","U17094",1,0,1
"1569","2018","SO","D","D27","43","U17095",0,0,0
"1570","2018","SO","D","D27","43","U17096",1,0,1
"1571","2018","SO","D","D27","43","U17097",0,0,0
"1572","2018","SO","D","D27","43","U17098",0,0,0
"1573","2018","SO","D","D27","43","U17099",0,0,0
"1574","2018","SO","D","D27","43","U17100",0,0,0
"1575","2018","CU","J","J09","44","U16521",1,0,1
"1576","2018","CU","J","J09","44","U16522",0,0,0
"1577","2018","CU","J","J09","44","U16523",0,0,0
"1578","2018","CU","J","J09","44","U16524",0,0,0
"1579","2018","CU","J","J09","44","U16525",0,0,0
"1580","2018","CU","J","J09","44","U16526",1,0,1
"1581","2018","CU","J","J09","44","U16527",0,0,0
"1582","2018","CU","J","J09","44","U16528",0,0,0
"1583","2018","CU","J","J09","44","U16529",0,0,0
"1584","2018","CU","J","J09","44","U16530",0,0,0
"1585","2018","PI","J","J09","44","U16651",0,0,0
"1586","2018","PI","J","J09","44","U16652",0,0,0
"1587","2018","PI","J","J09","44","U16653",0,0,0
"1588","2018","PI","J","J09","44","U16654",0,0,0
"1589","2018","PI","J","J09","44","U16655",0,0,0
"1590","2018","PI","J","J09","44","U16656",0,0,0
"1591","2018","PI","J","J09","44","U16657",1,0,1
"1592","2018","PI","J","J09","44","U16658",2,0,2
"1593","2018","PI","J","J09","44","U16659",1,0,1
"1594","2018","PI","J","J09","44","U16660",0,0,0
"1595","2018","SO","J","J09","44","U16801",0,0,0
"1596","2018","SO","J","J09","44","U16802",0,0,0
"1597","2018","SO","J","J09","44","U16803",1,0,1
"1598","2018","SO","J","J09","44","U16804",0,0,0
"1599","2018","SO","J","J09","44","U16805",0,0,0
"1600","2018","SO","J","J09","44","U16806",0,0,0
"1601","2018","SO","J","J09","44","U16807",0,0,0
"1602","2018","SO","J","J09","44","U16808",0,0,0
"1603","2018","SO","J","J09","44","U16809",1,0,1
"1604","2018","SO","J","J09","44","U16810",0,0,0
"1605","2018","CU","D","D10","45","U17081",0,0,0
"1606","2018","CU","D","D10","45","U17082",0,0,0
"1607","2018","CU","D","D10","45","U17083",0,0,0
"1608","2018","CU","D","D10","45","U17084",0,0,0
"1609","2018","CU","D","D10","45","U17085",0,0,0
"1610","2018","CU","D","D10","45","U17086",0,0,0
"1611","2018","CU","D","D10","45","U17087",0,0,0
"1612","2018","CU","D","D10","45","U17088",1,0,1
"1613","2018","CU","D","D10","45","U17089",0,0,0
"1614","2018","CU","D","D10","45","U17090",0,0,0
"1615","2018","PI","D","D10","45","U17251",1,0,1
"1616","2018","PI","D","D10","45","U17252",0,0,0
"1617","2018","PI","D","D10","45","U17253",0,0,0
"1618","2018","PI","D","D10","45","U17254",1,0,1
"1619","2018","PI","D","D10","45","U17255",0,1,1
"1620","2018","PI","D","D10","45","U17256",0,0,0
"1621","2018","PI","D","D10","45","U17257",0,0,0
"1622","2018","PI","D","D10","45","U17258",1,0,1
"1623","2018","PI","D","D10","45","U17259",1,0,1
"1624","2018","PI","D","D10","45","U17260",0,0,0
"1625","2018","SO","D","D10","45","U17231",0,0,0
"1626","2018","SO","D","D10","45","U17232",0,0,0
"1627","2018","SO","D","D10","45","U17233",0,0,0
"1628","2018","SO","D","D10","45","U17234",0,0,0
"1629","2018","SO","D","D10","45","U17235",0,0,0
"1630","2018","SO","D","D10","45","U17236",0,0,0
"1631","2018","SO","D","D10","45","U17237",0,0,0
"1632","2018","SO","D","D10","45","U17238",0,0,0
"1633","2018","SO","D","D10","45","U17239",0,0,0
"1634","2018","SO","D","D10","45","U17240",0,0,0
"1635","2018","CU","D","D09","46","U17211",0,0,0
"1636","2018","CU","D","D09","46","U17212",0,0,0
"1637","2018","CU","D","D09","46","U17213",0,0,0
"1638","2018","CU","D","D09","46","U17214",0,0,0
"1639","2018","CU","D","D09","46","U17215",0,0,0
"1640","2018","CU","D","D09","46","U17216",0,0,0
"1641","2018","CU","D","D09","46","U17217",0,0,0
"1642","2018","CU","D","D09","46","U17218",0,0,0
"1643","2018","CU","D","D09","46","U17219",0,0,0
"1644","2018","CU","D","D09","46","U17220",0,0,0
"1645","2018","PI","D","D09","46","U17201",1,0,1
"1646","2018","PI","D","D09","46","U17202",0,0,0
"1647","2018","PI","D","D09","46","U17203",0,0,0
"1648","2018","PI","D","D09","46","U17204",1,0,1
"1649","2018","PI","D","D09","46","U17205",1,0,1
"1650","2018","PI","D","D09","46","U17206",1,0,1
"1651","2018","PI","D","D09","46","U17207",1,0,1
"1652","2018","PI","D","D09","46","U17208",0,0,0
"1653","2018","PI","D","D09","46","U17209",0,0,0
"1654","2018","PI","D","D09","46","U17210",3,0,3
"1655","2018","SO","D","D09","46","U17421",1,0,1
"1656","2018","SO","D","D09","46","U17422",0,0,0
"1657","2018","SO","D","D09","46","U17423",1,0,1
"1658","2018","SO","D","D09","46","U17424",0,0,0
"1659","2018","SO","D","D09","46","U17425",0,0,0
"1660","2018","SO","D","D09","46","U17426",0,0,0
"1661","2018","SO","D","D09","46","U17427",0,0,0
"1662","2018","SO","D","D09","46","U17428",0,0,0
"1663","2018","SO","D","D09","46","U17429",1,0,1
"1664","2018","SO","D","D09","46","U17430",1,0,1
"1665","2018","CU","J","J02","47","U16831",0,0,0
"1666","2018","CU","J","J02","47","U16832",0,0,0
"1667","2018","CU","J","J02","47","U16833",0,0,0
"1668","2018","CU","J","J02","47","U16834",0,1,1
"1669","2018","CU","J","J02","47","U16835",0,0,0
"1670","2018","CU","J","J02","47","U16836",0,0,0
"1671","2018","CU","J","J02","47","U16837",1,0,1
"1672","2018","CU","J","J02","47","U16838",0,0,0
"1673","2018","CU","J","J02","47","U16839",1,0,1
"1674","2018","CU","J","J02","47","U16840",0,0,0
"1675","2018","PI","J","J02","47","U16811",0,0,0
"1676","2018","PI","J","J02","47","U16812",1,0,1
"1677","2018","PI","J","J02","47","U16813",0,0,0
"1678","2018","PI","J","J02","47","U16814",2,0,2
"1679","2018","PI","J","J02","47","U16815",0,0,0
"1680","2018","PI","J","J02","47","U16816",0,0,0
"1681","2018","PI","J","J02","47","U16817",0,0,0
"1682","2018","PI","J","J02","47","U16818",0,0,0
"1683","2018","PI","J","J02","47","U16819",1,0,1
"1684","2018","PI","J","J02","47","U16820",1,0,1
"1685","2018","SO","J","J02","47","U16561",0,0,0
"1686","2018","SO","J","J02","47","U16562",0,0,0
"1687","2018","SO","J","J02","47","U16563",0,0,0
"1688","2018","SO","J","J02","47","U16564",0,0,0
"1689","2018","SO","J","J02","47","U16565",0,0,0
"1690","2018","SO","J","J02","47","U16566",0,0,0
"1691","2018","SO","J","J02","47","U16567",0,0,0
"1692","2018","SO","J","J02","47","U16568",0,0,0
"1693","2018","CU","J","J09","48","U16641",3,0,3
"1694","2018","CU","J","J09","48","U16642",0,0,0
"1695","2018","CU","J","J09","48","U16643",1,0,1
"1696","2018","CU","J","J09","48","U16644",0,0,0
"1697","2018","CU","J","J09","48","U16645",0,0,0
"1698","2018","CU","J","J09","48","U16646",0,0,0
"1699","2018","CU","J","J09","48","U16647",0,0,0
"1700","2018","CU","J","J09","48","U16648",0,0,0
"1701","2018","CU","J","J09","48","U16649",0,0,0
"1702","2018","CU","J","J09","48","U16650",0,0,0
"1703","2018","PI","J","J09","48","U16571",0,0,0
"1704","2018","PI","J","J09","48","U16572",0,0,0
"1705","2018","PI","J","J09","48","U16573",0,1,1
"1706","2018","PI","J","J09","48","U16574",1,0,1
"1707","2018","PI","J","J09","48","U16575",0,0,0
"1708","2018","PI","J","J09","48","U16576",0,0,0
"1709","2018","PI","J","J09","48","U16577",1,0,1
"1710","2018","PI","J","J09","48","U16578",0,0,0
"1711","2018","PI","J","J09","48","U16579",0,0,0
"1712","2018","PI","J","J09","48","U16580",0,0,0
"1713","2018","SO","J","J09","48","U16701",1,0,1
"1714","2018","SO","J","J09","48","U16702",0,0,0
"1715","2018","SO","J","J09","48","U16703",0,0,0
"1716","2018","SO","J","J09","48","U16704",2,0,2
"1717","2018","SO","J","J09","48","U16705",1,0,1
"1718","2018","SO","J","J09","48","U16706",1,0,1
"1719","2018","SO","J","J09","48","U16707",1,0,1
"1720","2018","SO","J","J09","48","U16708",0,0,0
"1721","2018","SO","J","J09","48","U16709",0,0,0
"1722","2018","SO","J","J09","48","U16710",0,0,0
"1723","2018","CU","J","J02","49","U16821",1,0,1
"1724","2018","CU","J","J02","49","U16822",0,0,0
"1725","2018","CU","J","J02","49","U16823",0,0,0
"1726","2018","CU","J","J02","49","U16824",1,0,1
"1727","2018","CU","J","J02","49","U16825",0,0,0
"1728","2018","CU","J","J02","49","U16826",1,0,1
"1729","2018","CU","J","J02","49","U16827",0,0,0
"1730","2018","CU","J","J02","49","U16828",0,0,0
"1731","2018","CU","J","J02","49","U16829",0,0,0
"1732","2018","CU","J","J02","49","U16830",0,0,0
"1733","2018","PI","J","J02","49","U16871",0,0,0
"1734","2018","PI","J","J02","49","U16872",0,0,0
"1735","2018","PI","J","J02","49","U16873",0,0,0
"1736","2018","PI","J","J02","49","U16874",0,0,0
"1737","2018","PI","J","J02","49","U16875",1,0,1
"1738","2018","PI","J","J02","49","U16876",0,0,0
"1739","2018","PI","J","J02","49","U16877",0,0,0
"1740","2018","PI","J","J02","49","U16878",1,0,1
"1741","2018","PI","J","J02","49","U16879",1,0,1
"1742","2018","PI","J","J02","49","U16880",0,0,0
"1743","2018","SO","J","J02","49","U16751",2,0,2
"1744","2018","SO","J","J02","49","U16752",0,0,0
"1745","2018","SO","J","J02","49","U16753",1,0,1
"1746","2018","SO","J","J02","49","U16754",0,0,0
"1747","2018","SO","J","J02","49","U16755",0,0,0
"1748","2018","SO","J","J02","49","U16756",0,0,0
"1749","2018","SO","J","J02","49","U16757",0,0,0
"1750","2018","SO","J","J02","49","U16758",0,0,0
"1751","2018","CU","D","D10","50","U17021",0,0,0
"1752","2018","CU","D","D10","50","U17022",0,0,0
"1753","2018","CU","D","D10","50","U17023",0,0,0
"1754","2018","CU","D","D10","50","U17024",0,0,0
"1755","2018","CU","D","D10","50","U17025",1,0,1
"1756","2018","CU","D","D10","50","U17026",0,0,0
"1757","2018","CU","D","D10","50","U17027",0,0,0
"1758","2018","CU","D","D10","50","U17028",1,0,1
"1759","2018","CU","D","D10","50","U17029",0,0,0
"1760","2018","CU","D","D10","50","U17030",0,0,0
"1761","2018","PI","D","D10","50","U17451",0,0,0
"1762","2018","PI","D","D10","50","U17452",0,0,0
"1763","2018","PI","D","D10","50","U17453",2,0,2
"1764","2018","PI","D","D10","50","U17454",0,0,0
"1765","2018","PI","D","D10","50","U17455",0,0,0
"1766","2018","PI","D","D10","50","U17456",0,0,0
"1767","2018","PI","D","D10","50","U17457",0,0,0
"1768","2018","PI","D","D10","50","U17458",0,0,0
"1769","2018","PI","D","D10","50","U17459",0,0,0
"1770","2018","PI","D","D10","50","U17460",0,0,0
"1771","2018","SO","D","D10","50","U17351",2,0,2
"1772","2018","SO","D","D10","50","U17352",0,0,0
"1773","2018","SO","D","D10","50","U17353",0,0,0
"1774","2018","SO","D","D10","50","U17354",0,0,0
"1775","2018","SO","D","D10","50","U17355",0,0,0
"1776","2018","SO","D","D10","50","U17356",0,0,0
"1777","2018","SO","D","D10","50","U17357",0,0,0
"1778","2018","SO","D","D10","50","U17358",0,0,0
"1779","2018","SO","D","D10","50","U17359",0,0,0
"1780","2018","SO","D","D10","50","U17360",0,0,0
"1781","2018","CU","J","J09","51","U16941",1,0,1
"1782","2018","CU","J","J09","51","U16942",1,0,1
"1783","2018","CU","J","J09","51","U16943",0,0,0
"1784","2018","CU","J","J09","51","U16944",1,0,1
"1785","2018","CU","J","J09","51","U16945",1,0,1
"1786","2018","CU","J","J09","51","U16946",0,0,0
"1787","2018","CU","J","J09","51","U16947",0,0,0
"1788","2018","CU","J","J09","51","U16948",0,0,0
"1789","2018","CU","J","J09","51","U16949",1,0,1
"1790","2018","CU","J","J09","51","U16950",1,0,1
"1791","2018","PI","J","J09","51","U16741",1,1,2
"1792","2018","PI","J","J09","51","U16742",1,0,1
"1793","2018","PI","J","J09","51","U16743",0,0,0
"1794","2018","PI","J","J09","51","U16744",0,0,0
"1795","2018","PI","J","J09","51","U16745",2,0,2
"1796","2018","PI","J","J09","51","U16746",1,0,1
"1797","2018","PI","J","J09","51","U16747",1,0,1
"1798","2018","PI","J","J09","51","U16748",2,0,2
"1799","2018","PI","J","J09","51","U16749",3,2,5
"1800","2018","PI","J","J09","51","U16750",0,0,0
"1801","2018","SO","J","J09","51","U16891",0,0,0
"1802","2018","SO","J","J09","51","U16892",0,0,0
"1803","2018","SO","J","J09","51","U16893",0,0,0
"1804","2018","SO","J","J09","51","U16894",0,0,0
"1805","2018","SO","J","J09","51","U16895",0,0,0
"1806","2018","SO","J","J09","51","U16896",0,0,0
"1807","2018","SO","J","J09","51","U16897",1,0,1
"1808","2018","SO","J","J09","51","U16898",0,0,0
"1809","2018","SO","J","J09","51","U16899",1,0,1
"1810","2018","SO","J","J09","51","U16900",0,0,0
"1811","2018","CU","J","J03","52","U16911",0,0,0
"1812","2018","CU","J","J03","52","U16912",2,0,2
"1813","2018","CU","J","J03","52","U16913",0,0,0
"1814","2018","CU","J","J03","52","U16914",0,0,0
"1815","2018","CU","J","J03","52","U16915",0,0,0
"1816","2018","CU","J","J03","52","U16916",0,0,0
"1817","2018","CU","J","J03","52","U16917",0,0,0
"1818","2018","CU","J","J03","52","U16918",1,0,1
"1819","2018","CU","J","J03","52","U16919",1,0,1
"1820","2018","CU","J","J03","52","U16920",1,0,1
"1821","2018","PI","J","J03","52","U16611",0,0,0
"1822","2018","PI","J","J03","52","U16612",1,1,2
"1823","2018","PI","J","J03","52","U16613",3,0,3
"1824","2018","PI","J","J03","52","U16614",1,0,1
"1825","2018","PI","J","J03","52","U16615",2,0,2
"1826","2018","PI","J","J03","52","U16616",1,0,1
"1827","2018","PI","J","J03","52","U16617",2,0,2
"1828","2018","PI","J","J03","52","U16618",1,0,1
"1829","2018","PI","J","J03","52","U16619",0,0,0
"1830","2018","PI","J","J03","52","U16620",0,0,0
"1831","2018","SO","J","J03","52","U16951",0,0,0
"1832","2018","SO","J","J03","52","U16952",0,0,0
"1833","2018","SO","J","J03","52","U16953",1,0,1
"1834","2018","SO","J","J03","52","U16954",0,0,0
"1835","2018","SO","J","J03","52","U16955",0,0,0
"1836","2019","SO","D","D09","53","U20101",0,0,0
"1837","2019","SO","D","D09","53","U20102",0,0,0
"1838","2019","SO","D","D09","53","U20103",0,0,0
"1839","2019","SO","D","D09","53","U20104",0,0,0
"1840","2019","SO","D","D09","53","U20105",0,0,0
"1841","2019","SO","D","D09","53","U20106",1,0,1
"1842","2019","SO","D","D09","53","U20107",1,0,1
"1843","2019","SO","D","D09","53","U20108",0,0,0
"1844","2019","SO","D","D09","53","U20109",1,0,1
"1845","2019","SO","D","D09","53","U20110",0,0,0
"1846","2019","PI","D","D09","53","U20111",0,0,0
"1847","2019","PI","D","D09","53","U20112",0,0,0
"1848","2019","PI","D","D09","53","U20113",0,0,0
"1849","2019","PI","D","D09","53","U20114",0,0,0
"1850","2019","PI","D","D09","53","U20115",0,0,0
"1851","2019","PI","D","D09","53","U20116",0,0,0
"1852","2019","PI","D","D09","53","U20117",0,0,0
"1853","2019","PI","D","D09","53","U20118",0,0,0
"1854","2019","PI","D","D09","53","U20119",1,0,1
"1855","2019","PI","D","D09","53","U20120",0,0,0
"1856","2019","CU","D","D09","53","U20491",0,0,0
"1857","2019","CU","D","D09","53","U20492",2,0,2
"1858","2019","CU","D","D09","53","U20493",0,0,0
"1859","2019","CU","D","D09","53","U20494",0,0,0
"1860","2019","CU","D","D09","53","U20495",1,0,1
"1861","2019","CU","D","D09","53","U20496",0,0,0
"1862","2019","SO","D","D09","54","U20701",1,0,1
"1863","2019","SO","D","D09","54","U20702",0,0,0
"1864","2019","SO","D","D09","54","U20703",0,0,0
"1865","2019","SO","D","D09","54","U20704",2,0,2
"1866","2019","SO","D","D09","54","U20705",0,0,0
"1867","2019","SO","D","D09","54","U20706",0,0,0
"1868","2019","SO","D","D09","54","U20707",0,0,0
"1869","2019","SO","D","D09","54","U20708",1,0,1
"1870","2019","SO","D","D09","54","U20709",3,0,3
"1871","2019","SO","D","D09","54","U20710",0,0,0
"1872","2019","CU","D","D09","54","U20721",1,0,1
"1873","2019","CU","D","D09","54","U20722",0,0,0
"1874","2019","CU","D","D09","54","U20723",0,0,0
"1875","2019","CU","D","D09","54","U20724",0,0,0
"1876","2019","CU","D","D09","54","U20725",0,0,0
"1877","2019","CU","D","D09","54","U20726",0,0,0
"1878","2019","CU","D","D09","54","U20727",0,0,0
"1879","2019","CU","D","D09","54","U20728",0,0,0
"1880","2019","CU","D","D09","54","U20729",0,0,0
"1881","2019","CU","D","D09","54","U20730",0,0,0
"1882","2019","PI","D","D09","54","U20791",0,0,0
"1883","2019","PI","D","D09","54","U20792",0,0,0
"1884","2019","PI","D","D09","54","U20793",2,0,2
"1885","2019","PI","D","D09","54","U20794",1,0,1
"1886","2019","PI","D","D09","54","U20795",0,0,0
"1887","2019","PI","D","D09","54","U20796",1,0,1
"1888","2019","PI","D","D09","54","U20797",0,0,0
"1889","2019","PI","D","D09","54","U20798",0,0,0
"1890","2019","PI","D","D09","54","U20799",0,0,0
"1891","2019","PI","D","D09","54","U20800",0,0,0
"1892","2019","SO","D","D09","55","U20041",1,0,1
"1893","2019","SO","D","D09","55","U20042",2,0,2
"1894","2019","SO","D","D09","55","U20043",0,0,0
"1895","2019","SO","D","D09","55","U20044",0,0,0
"1896","2019","SO","D","D09","55","U20045",4,0,4
"1897","2019","SO","D","D09","55","U20046",1,0,1
"1898","2019","SO","D","D09","55","U20047",2,0,2
"1899","2019","SO","D","D09","55","U20048",2,0,2
"1900","2019","SO","D","D09","55","U20049",4,0,4
"1901","2019","SO","D","D09","55","U20050",2,0,2
"1902","2019","CU","D","D09","55","U20051",3,0,3
"1903","2019","CU","D","D09","55","U20052",0,0,0
"1904","2019","CU","D","D09","55","U20053",0,0,0
"1905","2019","CU","D","D09","55","U20054",0,0,0
"1906","2019","CU","D","D09","55","U20055",0,0,0
"1907","2019","CU","D","D09","55","U20056",0,0,0
"1908","2019","CU","D","D09","55","U20057",0,0,0
"1909","2019","CU","D","D09","55","U20058",0,0,0
"1910","2019","CU","D","D09","55","U20059",1,0,1
"1911","2019","CU","D","D09","55","U20060",0,0,0
"1912","2019","PI","D","D09","55","U20061",0,1,1
"1913","2019","PI","D","D09","55","U20062",0,0,0
"1914","2019","PI","D","D09","55","U20063",0,0,0
"1915","2019","PI","D","D09","55","U20064",0,0,0
"1916","2019","PI","D","D09","55","U20065",0,1,1
"1917","2019","PI","D","D09","55","U20066",0,0,0
"1918","2019","PI","D","D09","55","U20067",0,0,0
"1919","2019","PI","D","D09","55","U20068",1,0,1
"1920","2019","PI","D","D09","55","U20069",0,0,0
"1921","2019","PI","D","D09","55","U20070",0,0,0
"1922","2019","SO","D","D09","56","U20831",0,0,0
"1923","2019","SO","D","D09","56","U20832",0,0,0
"1924","2019","SO","D","D09","56","U20833",0,0,0
"1925","2019","PI","D","D09","56","U20841",0,1,1
"1926","2019","CU","D","D09","56","U20842",1,1,2
"1927","2019","CU","D","D09","56","U20843",1,0,1
"1928","2019","PI","D","D09","56","U20844",1,0,1
"1929","2019","CU","D","D09","56","U20845",1,0,1
"1930","2019","CU","D","D09","56","U20846",0,0,0
"1931","2019","CU","D","D09","56","U20847",0,0,0
"1932","2019","CU","D","D09","56","U20848",1,0,1
"1933","2019","CU","D","D09","56","U20849",1,0,1
"1934","2019","CU","D","D09","56","U20850",2,0,2
"1935","2019","SO","D","D09","56","U20861",0,0,0
"1936","2019","SO","D","D09","56","U20862",1,0,1
"1937","2019","SO","D","D09","56","U20863",0,0,0
"1938","2019","SO","D","D09","56","U20864",0,0,0
"1939","2019","SO","D","D09","56","U20865",1,0,1
"1940","2019","SO","D","D09","56","U20866",0,0,0
"1941","2019","SO","D","D09","56","U20867",0,0,0
"1942","2019","SO","D","D09","56","U20868",0,0,0
"1943","2019","SO","D","D09","56","U20869",0,0,0
"1944","2019","SO","D","D09","56","U20870",1,0,1
"1945","2019","PI","D","D09","56","U20871",0,0,0
"1946","2019","PI","D","D09","56","U20872",0,0,0
"1947","2019","PI","D","D09","56","U20873",0,0,0
"1948","2019","PI","D","D09","56","U20874",1,1,2
"1949","2019","PI","D","D09","56","U20875",3,0,3
"1950","2019","PI","D","D09","56","U20876",0,0,0
"1951","2019","PI","D","D09","56","U20877",1,0,1
"1952","2019","PI","D","D09","56","U20878",1,0,1
"1953","2019","PI","D","D09","56","U20879",0,0,0
"1954","2019","PI","D","D09","56","U20880",1,1,2
"1955","2019","CU","D","D09","56","U20901",0,0,0
"1956","2019","CU","D","D09","56","U20902",1,0,1
"1957","2019","SO","D","D35","57","U21031",0,0,0
"1958","2019","SO","D","D35","57","U21032",0,0,0
"1959","2019","SO","D","D35","57","U21033",1,0,1
"1960","2019","SO","D","D35","57","U21034",1,0,1
"1961","2019","SO","D","D35","57","U21035",1,0,1
"1962","2019","SO","D","D35","57","U21036",4,0,4
"1963","2019","SO","D","D35","57","U21037",0,0,0
"1964","2019","SO","D","D35","57","U21038",0,0,0
"1965","2019","SO","D","D35","57","U21039",0,0,0
"1966","2019","SO","D","D35","57","U21040",0,0,0
"1967","2019","PI","D","D35","57","U21041",1,0,1
"1968","2019","PI","D","D35","57","U21042",1,0,1
"1969","2019","PI","D","D35","57","U21043",0,0,0
"1970","2019","PI","D","D35","57","U21044",0,0,0
"1971","2019","PI","D","D35","57","U21045",0,0,0
"1972","2019","PI","D","D35","57","U21046",1,0,1
"1973","2019","PI","D","D35","57","U21047",0,0,0
"1974","2019","PI","D","D35","57","U21048",0,0,0
"1975","2019","PI","D","D35","57","U21049",0,0,0
"1976","2019","PI","D","D35","57","U21050",0,0,0
"1977","2019","CU","D","D35","57","U21051",0,0,0
"1978","2019","CU","D","D35","57","U21052",0,0,0
"1979","2019","CU","D","D35","57","U21053",0,0,0
"1980","2019","CU","D","D35","57","U21054",0,0,0
"1981","2019","CU","D","D35","57","U21055",0,0,0
"1982","2019","CU","D","D35","57","U21056",0,0,0
"1983","2019","CU","D","D35","57","U21057",0,0,0
"1984","2019","CU","D","D35","57","U21058",1,0,1
"1985","2019","CU","D","D35","57","U21059",0,0,0
"1986","2019","CU","D","D35","57","U21060",0,0,0
"1987","2019","CU","J","J03","60","U22491",1,0,1
"1988","2019","CU","J","J03","60","U22492",1,0,1
"1989","2019","CU","J","J03","60","U22493",1,0,1
"1990","2019","CU","J","J03","60","U22494",0,0,0
"1991","2019","CU","J","J03","60","U22495",0,0,0
"1992","2019","CU","J","J03","60","U22496",2,0,2
"1993","2019","CU","J","J03","60","U22497",1,0,1
"1994","2019","CU","J","J03","60","U22498",0,0,0
"1995","2019","CU","J","J03","60","U22499",0,0,0
"1996","2019","CU","J","J03","60","U22500",1,0,1
"1997","2019","SO","J","J03","60","U22501",0,0,0
"1998","2019","SO","J","J03","60","U22502",0,0,0
"1999","2019","SO","J","J03","60","U22503",6,0,6
"2000","2019","SO","J","J03","60","U22504",0,0,0
"2001","2019","SO","J","J03","60","U22505",1,0,1
"2002","2019","PI","J","J03","60","U22511",2,0,2
"2003","2019","PI","J","J03","60","U22512",2,3,5
"2004","2019","PI","J","J03","60","U22513",0,0,0
"2005","2019","PI","J","J03","60","U22514",0,0,0
"2006","2019","PI","J","J03","60","U22515",3,0,3
"2007","2019","PI","J","J03","60","U22516",1,0,1
"2008","2019","PI","J","J03","60","U22517",1,0,1
"2009","2019","PI","J","J03","60","U22518",1,0,1
"2010","2019","PI","J","J03","60","U22519",1,1,2
"2011","2019","PI","J","J03","60","U22520",0,0,0
"2012","2019","SO","J","J11","58","U22171",0,0,0
"2013","2019","SO","J","J11","58","U22172",1,0,1
"2014","2019","SO","J","J11","58","U22173",0,0,0
"2015","2019","SO","J","J11","58","U22174",0,0,0
"2016","2019","SO","J","J11","58","U22175",1,0,1
"2017","2019","SO","J","J11","58","U22176",1,0,1
"2018","2019","SO","J","J11","58","U22177",1,0,1
"2019","2019","SO","J","J11","58","U22178",1,0,1
"2020","2019","SO","J","J11","58","U22179",1,0,1
"2021","2019","SO","J","J11","58","U22180",2,0,2
"2022","2019","CU","J","J11","58","U22181",0,0,0
"2023","2019","CU","J","J11","58","U22182",1,0,1
"2024","2019","CU","J","J11","58","U22183",0,0,0
"2025","2019","CU","J","J11","58","U22184",0,0,0
"2026","2019","CU","J","J11","58","U22185",2,0,2
"2027","2019","CU","J","J11","58","U22186",0,0,0
"2028","2019","CU","J","J11","58","U22187",1,0,1
"2029","2019","CU","J","J11","58","U22188",0,0,0
"2030","2019","CU","J","J11","58","U22189",0,1,1
"2031","2019","CU","J","J11","58","U22190",1,0,1
"2032","2019","PI","J","J11","58","U22281",3,1,4
"2033","2019","PI","J","J11","58","U22282",2,0,2
"2034","2019","PI","J","J11","58","U22283",0,0,0
"2035","2019","PI","J","J11","58","U22284",2,0,2
"2036","2019","PI","J","J11","58","U22285",2,3,5
"2037","2019","PI","J","J11","58","U22286",0,0,0
"2038","2019","PI","J","J11","58","U22287",2,2,4
"2039","2019","PI","J","J11","58","U22288",0,0,0
"2040","2019","PI","J","J11","58","U22289",1,0,1
"2041","2019","PI","J","J11","58","U22290",1,1,2
"2042","2019","SO","J","J11","59","U22291",1,0,1
"2043","2019","SO","J","J11","59","U22292",0,0,0
"2044","2019","SO","J","J11","59","U22293",3,1,4
"2045","2019","SO","J","J11","59","U22294",0,0,0
"2046","2019","SO","J","J11","59","U22295",1,0,1
"2047","2019","SO","J","J11","59","U22296",4,0,4
"2048","2019","SO","J","J11","59","U22297",1,0,1
"2049","2019","SO","J","J11","59","U22298",0,0,0
"2050","2019","SO","J","J11","59","U22299",0,0,0
"2051","2019","SO","J","J11","59","U22300",2,0,2
"2052","2019","PI","J","J11","59","U22301",1,0,1
"2053","2019","PI","J","J11","59","U22302",0,0,0
"2054","2019","PI","J","J11","59","U22303",0,0,0
"2055","2019","PI","J","J11","59","U22304",3,0,3
"2056","2019","PI","J","J11","59","U22305",3,0,3
"2057","2019","PI","J","J11","59","U22306",1,0,1
"2058","2019","PI","J","J11","59","U22307",4,0,4
"2059","2019","PI","J","J11","59","U22308",1,0,1
"2060","2019","PI","J","J11","59","U22309",1,0,1
"2061","2019","PI","J","J11","59","U22310",0,0,0
"2062","2019","CU","J","J11","59","U22311",0,0,0
"2063","2019","CU","J","J11","59","U22312",0,0,0
"2064","2019","CU","J","J11","59","U22313",1,0,1
"2065","2019","CU","J","J11","59","U22314",1,0,1
"2066","2019","CU","J","J11","59","U22315",0,0,0
"2067","2019","CU","J","J11","59","U22316",0,0,0
"2068","2019","CU","J","J11","59","U22317",1,0,1
"2069","2019","CU","J","J11","59","U22318",1,0,1
"2070","2019","CU","J","J11","59","U22319",0,0,0
"2071","2019","CU","J","J11","59","U22320",2,0,2
