"","year","spp","site.region","site_id","collection","ufn","all.cal","all.leps","all.lice","fork_length","seine_id"
"1","2017","CU","D","D32","D32_2017-05-23","U15571",0,0,0,NA,"DE364N1"
"2","2017","PI","D","D32","D32_2017-05-23","U15572",0,0,0,NA,"DE364N1"
"3","2017","SO","D","D09","D09_2017-06-07","U15589",1,0,1,NA,"DE371N2"
"4","2017","SO","D","D09","D09_2017-06-07","U15590",0,0,0,NA,"DE371N2"
"5","2017","SO","D","D09","D09_2017-06-07","U15591",0,0,0,NA,"DE371N2"
"6","2017","SO","D","D09","D09_2017-06-07","U15592",0,0,0,NA,"DE371N2"
"7","2017","SO","D","D09","D09_2017-06-07","U15593",0,0,0,NA,"DE371N2"
"8","2017","SO","D","D09","D09_2017-06-07","U15594",0,0,0,NA,"DE371N2"
"9","2017","SO","D","D09","D09_2017-06-07","U15595",0,0,0,NA,"DE371N2"
"10","2017","SO","D","D09","D09_2017-06-07","U15596",0,0,0,NA,"DE371N2"
"11","2017","SO","D","D09","D09_2017-06-07","U15597",0,0,0,NA,"DE371N2"
"12","2017","SO","D","D09","D09_2017-06-07","U15598",0,0,0,NA,"DE371N2"
"13","2017","CU","D","D09","D09_2017-06-07","U15599",2,0,2,NA,"DE371N2"
"14","2017","CU","D","D09","D09_2017-06-07","U15600",0,0,0,NA,"DE371N2"
"15","2017","CU","D","D09","D09_2017-06-07","U15601",1,0,1,NA,"DE371N2"
"16","2017","CU","D","D09","D09_2017-06-07","U15602",0,0,0,NA,"DE371N2"
"17","2017","CU","D","D09","D09_2017-06-07","U15603",0,0,0,NA,"DE371N2"
"18","2017","CU","D","D09","D09_2017-06-07","U15604",0,0,0,NA,"DE371N2"
"19","2017","CU","D","D09","D09_2017-06-07","U15605",0,0,0,NA,"DE371N2"
"20","2017","CU","D","D09","D09_2017-06-07","U15606",0,0,0,NA,"DE371N2"
"21","2017","CU","D","D09","D09_2017-06-07","U15607",0,0,0,NA,"DE371N2"
"22","2017","CU","D","D09","D09_2017-06-07","U15608",0,0,0,NA,"DE371N2"
"23","2017","SO","D","D09","D09_2017-06-12","U15640",0,0,0,NA,"DE372N2"
"24","2017","SO","D","D09","D09_2017-06-12","U15641",0,0,0,NA,"DE372N2"
"25","2017","SO","D","D09","D09_2017-06-12","U15642",0,1,1,NA,"DE372N2"
"26","2017","SO","D","D09","D09_2017-06-12","U15643",0,0,0,NA,"DE372N2"
"27","2017","SO","D","D09","D09_2017-06-12","U15644",0,0,0,NA,"DE372N2"
"28","2017","SO","D","D09","D09_2017-06-12","U15645",0,0,0,NA,"DE372N2"
"29","2017","SO","D","D09","D09_2017-06-12","U15646",0,0,0,NA,"DE372N2"
"30","2017","SO","D","D09","D09_2017-06-12","U15647",4,0,4,NA,"DE372N2"
"31","2017","SO","D","D09","D09_2017-06-12","U15648",0,0,0,NA,"DE372N2"
"32","2017","SO","D","D09","D09_2017-06-12","U15649",0,0,0,NA,"DE372N2"
"33","2017","CU","D","D09","D09_2017-06-12","U15650",1,0,1,NA,"DE372N2"
"34","2017","CU","D","D09","D09_2017-06-12","U15651",0,0,0,NA,"DE372N2"
"35","2017","CU","D","D09","D09_2017-06-12","U15652",0,0,0,NA,"DE372N2"
"36","2017","CU","D","D09","D09_2017-06-12","U15653",1,0,1,NA,"DE372N2"
"37","2017","CU","D","D09","D09_2017-06-12","U15654",1,0,1,NA,"DE372N2"
"38","2017","CU","D","D09","D09_2017-06-12","U15655",0,0,0,NA,"DE372N2"
"39","2017","CU","D","D09","D09_2017-06-12","U15656",0,0,0,NA,"DE372N2"
"40","2017","CU","D","D09","D09_2017-06-12","U15657",1,0,1,NA,"DE372N2"
"41","2017","CU","D","D09","D09_2017-06-12","U15658",1,0,1,NA,"DE372N2"
"42","2017","CU","D","D09","D09_2017-06-12","U15659",1,0,1,NA,"DE372N2"
"43","2017","CU","D","D09","D09_2017-06-26","U15720",1,0,1,NA,"DE373N2"
"44","2017","CU","D","D09","D09_2017-06-26","U15721",0,0,0,NA,"DE373N2"
"45","2017","CU","D","D09","D09_2017-06-26","U15722",3,0,3,NA,"DE373N2"
"46","2017","CU","D","D09","D09_2017-06-26","U15723",0,0,0,NA,"DE373N2"
"47","2017","CU","D","D09","D09_2017-06-26","U15724",1,0,1,NA,"DE373N2"
"48","2017","CU","D","D09","D09_2017-06-26","U15725",0,0,0,NA,"DE373N2"
"49","2017","CU","D","D09","D09_2017-06-26","U15726",0,0,0,NA,"DE373N2"
"50","2017","CU","D","D09","D09_2017-06-26","U15727",0,0,0,NA,"DE373N2"
"51","2017","CU","D","D09","D09_2017-06-26","U15728",0,0,0,NA,"DE373N2"
"52","2017","CU","D","D09","D09_2017-06-26","U15729",0,0,0,NA,"DE373N2"
"53","2017","SO","D","D09","D09_2017-06-26","U15730",1,0,1,NA,"DE373N2"
"54","2017","SO","D","D09","D09_2017-06-26","U15731",0,0,0,NA,"DE373N2"
"55","2017","CU","D","D27","D27_2017-06-13","U15660",0,0,0,NA,"DE376N2"
"56","2017","CU","D","D27","D27_2017-06-13","U15661",0,0,0,NA,"DE376N2"
"57","2017","CU","D","D27","D27_2017-06-13","U15662",0,0,0,NA,"DE376N2"
"58","2017","CU","D","D27","D27_2017-06-13","U15663",0,0,0,NA,"DE376N2"
"59","2017","CU","D","D27","D27_2017-06-13","U15664",0,0,0,NA,"DE376N2"
"60","2017","CU","D","D27","D27_2017-06-13","U15665",0,1,1,NA,"DE376N2"
"61","2017","CU","D","D27","D27_2017-06-13","U15666",0,0,0,NA,"DE376N2"
"62","2017","CU","D","D27","D27_2017-06-13","U15667",0,0,0,NA,"DE376N2"
"63","2017","CU","D","D27","D27_2017-06-13","U15668",0,0,0,NA,"DE376N2"
"64","2017","CU","D","D27","D27_2017-06-13","U15669",0,0,0,NA,"DE376N2"
"65","2017","SO","D","D27","D27_2017-06-13","U15670",12,0,12,NA,"DE376N2"
"66","2017","SO","D","D27","D27_2017-06-13","U15671",1,0,1,NA,"DE376N2"
"67","2017","SO","D","D27","D27_2017-06-13","U15672",0,0,0,NA,"DE376N2"
"68","2017","SO","D","D27","D27_2017-06-13","U15673",0,0,0,NA,"DE376N2"
"69","2017","SO","D","D27","D27_2017-06-13","U15674",1,0,1,NA,"DE376N2"
"70","2017","SO","D","D27","D27_2017-06-13","U15675",0,0,0,NA,"DE376N2"
"71","2017","SO","D","D27","D27_2017-06-13","U15676",0,0,0,NA,"DE376N2"
"72","2017","SO","D","D27","D27_2017-06-13","U15677",2,0,2,NA,"DE376N2"
"73","2017","SO","D","D27","D27_2017-06-13","U15678",1,0,1,NA,"DE376N2"
"74","2017","SO","D","D27","D27_2017-06-13","U15679",1,0,1,NA,"DE376N2"
"75","2017","SO","D","D09","D09_2017-07-05","U11281",0,0,0,NA,"DE380N1"
"76","2017","SO","D","D09","D09_2017-07-05","U11282",1,0,1,NA,"DE380N1"
"77","2019","SO","D","D09","D09_2019-05-21","U20201",0,0,0,NA,"DE607N1"
"78","2019","SO","D","D09","D09_2019-05-21","U20202",0,0,0,NA,"DE607N1"
"79","2019","SO","D","D09","D09_2019-05-21","U20203",0,0,0,NA,"DE607N1"
"80","2019","SO","D","D09","D09_2019-05-21","U20204",0,0,0,NA,"DE607N1"
"81","2019","SO","D","D09","D09_2019-05-21","U20205",0,0,0,NA,"DE607N1"
"82","2019","SO","D","D09","D09_2019-05-21","U20206",0,0,0,NA,"DE607N1"
"83","2019","SO","D","D09","D09_2019-05-21","U20207",2,0,2,NA,"DE607N1"
"84","2019","SO","D","D09","D09_2019-05-21","U20208",0,0,0,NA,"DE607N1"
"85","2019","SO","D","D09","D09_2019-05-21","U20209",0,0,0,NA,"DE607N1"
"86","2019","SO","D","D09","D09_2019-05-21","U20210",0,0,0,NA,"DE607N1"
"87","2019","CU","D","D09","D09_2019-05-21","U20211",0,0,0,NA,"DE607N1"
"88","2019","CU","D","D09","D09_2019-05-21","U20212",0,0,0,NA,"DE607N1"
"89","2019","CU","D","D09","D09_2019-05-21","U20213",0,0,0,NA,"DE607N1"
"90","2019","PI","D","D27","D27_2019-05-22","U20261",0,0,0,NA,"DE608N1"
"91","2019","PI","D","D27","D27_2019-05-22","U20262",0,0,0,NA,"DE608N1"
"92","2019","PI","D","D27","D27_2019-05-22","U20263",0,0,0,NA,"DE608N1"
"93","2019","PI","D","D27","D27_2019-05-22","U20264",0,0,0,NA,"DE608N1"
"94","2019","PI","D","D27","D27_2019-05-22","U20265",0,0,0,NA,"DE608N1"
"95","2019","PI","D","D27","D27_2019-05-22","U20266",0,0,0,NA,"DE608N1"
"96","2019","PI","D","D27","D27_2019-05-22","U20267",0,1,1,NA,"DE608N1"
"97","2019","PI","D","D27","D27_2019-05-22","U20268",0,0,0,NA,"DE608N1"
"98","2019","PI","D","D27","D27_2019-05-22","U20269",0,0,0,NA,"DE608N1"
"99","2019","PI","D","D27","D27_2019-05-22","U20270",0,0,0,NA,"DE608N1"
"100","2019","CU","D","D27","D27_2019-05-22","U20271",0,0,0,NA,"DE608N1"
"101","2019","CU","D","D27","D27_2019-05-22","U20272",0,0,0,NA,"DE608N1"
"102","2019","CU","D","D27","D27_2019-05-22","U20273",0,0,0,NA,"DE608N1"
"103","2019","SO","D","D09","D09_2019-05-25","U20321",0,0,0,NA,"DE610N1"
"104","2019","SO","D","D09","D09_2019-05-25","U20322",0,0,0,NA,"DE610N1"
"105","2019","SO","D","D09","D09_2019-05-25","U20323",0,0,0,NA,"DE610N1"
"106","2019","SO","D","D09","D09_2019-05-25","U20324",0,0,0,NA,"DE610N1"
"107","2019","SO","D","D09","D09_2019-05-25","U20325",0,0,0,NA,"DE610N1"
"108","2019","SO","D","D09","D09_2019-05-25","U20326",0,0,0,NA,"DE610N1"
"109","2019","SO","D","D09","D09_2019-05-25","U20327",1,0,1,NA,"DE610N1"
"110","2019","SO","D","D09","D09_2019-05-25","U20328",0,0,0,NA,"DE610N1"
"111","2019","SO","D","D09","D09_2019-05-25","U20329",0,0,0,NA,"DE610N1"
"112","2019","SO","D","D09","D09_2019-05-25","U20330",0,0,0,NA,"DE610N1"
"113","2019","PI","D","D09","D09_2019-05-25","U20351",0,0,0,NA,"DE610N1"
"114","2019","PI","D","D27","D27_2019-05-26","U20361",0,0,0,NA,"DE612N1"
"115","2019","PI","D","D27","D27_2019-05-26","U20362",0,0,0,NA,"DE612N1"
"116","2019","PI","D","D27","D27_2019-05-26","U20363",0,0,0,NA,"DE612N1"
"117","2019","PI","D","D27","D27_2019-05-26","U20364",0,0,0,NA,"DE612N1"
"118","2019","PI","D","D27","D27_2019-05-26","U20365",0,0,0,NA,"DE612N1"
"119","2019","PI","D","D27","D27_2019-05-26","U20366",0,0,0,NA,"DE612N1"
"120","2019","PI","D","D27","D27_2019-05-26","U20367",0,0,0,NA,"DE612N1"
"121","2019","PI","D","D27","D27_2019-05-26","U20368",0,0,0,NA,"DE612N1"
"122","2019","PI","D","D27","D27_2019-05-26","U20369",0,0,0,NA,"DE612N1"
"123","2019","PI","D","D27","D27_2019-05-26","U20370",0,0,0,NA,"DE612N1"
"124","2019","SO","D","D27","D27_2019-05-26","U20371",0,0,0,NA,"DE612N1"
"125","2019","CU","D","D27","D27_2019-05-26","U20372",0,0,0,NA,"DE612N1"
"126","2019","CU","D","D27","D27_2019-05-26","U20373",0,0,0,NA,"DE612N1"
"127","2019","CU","D","D27","D27_2019-05-26","U20374",0,0,0,NA,"DE612N1"
"128","2019","SO","D","D27","D27_2019-05-26","U20381",0,0,0,NA,"DE612N1"
"129","2019","SO","D","D22","D22_2019-05-26","U20401",3,0,3,NA,"DE613N3"
"130","2019","SO","D","D22","D22_2019-05-26","U20402",0,0,0,NA,"DE613N3"
"131","2019","SO","D","D22","D22_2019-05-26","U20403",0,0,0,NA,"DE613N3"
"132","2019","SO","D","D22","D22_2019-05-26","U20404",0,0,0,NA,"DE613N3"
"133","2019","SO","D","D22","D22_2019-05-26","U20405",0,0,0,NA,"DE613N3"
"134","2019","CU","D","D22","D22_2019-05-26","U20421",0,0,0,NA,"DE613N3"
"135","2019","CU","D","D22","D22_2019-05-26","U20422",0,0,0,NA,"DE613N3"
"136","2019","CU","D","D22","D22_2019-05-26","U20423",0,0,0,NA,"DE613N3"
"137","2019","CU","D","D22","D22_2019-05-26","U20424",0,0,0,NA,"DE613N3"
"138","2019","CU","D","D22","D22_2019-05-26","U20425",0,0,0,NA,"DE613N3"
"139","2019","CU","D","D22","D22_2019-05-26","U20426",0,0,0,NA,"DE613N3"
"140","2019","CU","D","D22","D22_2019-05-26","U20427",0,0,0,NA,"DE613N3"
"141","2019","SO","D","D09","D09_2019-05-28","U20101",0,0,0,NA,"DE614N3"
"142","2019","SO","D","D09","D09_2019-05-28","U20102",0,0,0,NA,"DE614N3"
"143","2019","SO","D","D09","D09_2019-05-28","U20103",0,0,0,NA,"DE614N3"
"144","2019","SO","D","D09","D09_2019-05-28","U20104",0,0,0,NA,"DE614N3"
"145","2019","SO","D","D09","D09_2019-05-28","U20105",0,0,0,NA,"DE614N3"
"146","2019","SO","D","D09","D09_2019-05-28","U20106",1,0,1,NA,"DE614N3"
"147","2019","SO","D","D09","D09_2019-05-28","U20107",1,0,1,NA,"DE614N3"
"148","2019","SO","D","D09","D09_2019-05-28","U20108",0,0,0,NA,"DE614N3"
"149","2019","SO","D","D09","D09_2019-05-28","U20109",1,0,1,NA,"DE614N3"
"150","2019","SO","D","D09","D09_2019-05-28","U20110",0,0,0,NA,"DE614N3"
"151","2019","PI","D","D09","D09_2019-05-28","U20111",0,0,0,NA,"DE614N3"
"152","2019","PI","D","D09","D09_2019-05-28","U20112",0,0,0,NA,"DE614N3"
"153","2019","PI","D","D09","D09_2019-05-28","U20113",0,0,0,NA,"DE614N3"
"154","2019","PI","D","D09","D09_2019-05-28","U20114",0,0,0,NA,"DE614N3"
"155","2019","PI","D","D09","D09_2019-05-28","U20115",0,0,0,NA,"DE614N3"
"156","2019","PI","D","D09","D09_2019-05-28","U20116",0,0,0,NA,"DE614N3"
"157","2019","PI","D","D09","D09_2019-05-28","U20117",0,0,0,NA,"DE614N3"
"158","2019","PI","D","D09","D09_2019-05-28","U20118",0,0,0,NA,"DE614N3"
"159","2019","PI","D","D09","D09_2019-05-28","U20119",1,0,1,NA,"DE614N3"
"160","2019","PI","D","D09","D09_2019-05-28","U20120",0,0,0,NA,"DE614N3"
"161","2019","CU","D","D09","D09_2019-05-28","U20491",0,0,0,NA,"DE614N3"
"162","2019","CU","D","D09","D09_2019-05-28","U20492",2,0,2,NA,"DE614N3"
"163","2019","CU","D","D09","D09_2019-05-28","U20493",0,0,0,NA,"DE614N3"
"164","2019","CU","D","D09","D09_2019-05-28","U20494",0,0,0,NA,"DE614N3"
"165","2019","CU","D","D09","D09_2019-05-28","U20495",1,0,1,NA,"DE614N3"
"166","2019","CU","D","D09","D09_2019-05-28","U20496",0,0,0,NA,"DE614N3"
"167","2019","SO","D","D35","D35_2019-05-27","U20431",1,0,1,NA,"DE616N1"
"168","2019","SO","D","D35","D35_2019-05-27","U20432",0,0,0,NA,"DE616N1"
"169","2019","SO","D","D35","D35_2019-05-27","U20433",1,0,1,NA,"DE616N1"
"170","2019","SO","D","D35","D35_2019-05-27","U20434",0,0,0,NA,"DE616N1"
"171","2019","SO","D","D35","D35_2019-05-27","U20435",1,0,1,NA,"DE616N1"
"172","2019","SO","D","D35","D35_2019-05-27","U20436",0,0,0,NA,"DE616N1"
"173","2019","SO","D","D35","D35_2019-05-27","U20437",0,0,0,NA,"DE616N1"
"174","2019","SO","D","D35","D35_2019-05-27","U20438",0,0,0,NA,"DE616N1"
"175","2019","SO","D","D35","D35_2019-05-27","U20439",1,0,1,NA,"DE616N1"
"176","2019","SO","D","D35","D35_2019-05-27","U20440",1,0,1,NA,"DE616N1"
"177","2019","CU","D","D35","D35_2019-05-27","U20441",0,0,0,NA,"DE616N1"
"178","2019","CU","D","D35","D35_2019-05-27","U20442",0,0,0,NA,"DE616N1"
"179","2019","CU","D","D35","D35_2019-05-27","U20443",0,0,0,NA,"DE616N1"
"180","2019","CU","D","D35","D35_2019-05-27","U20444",0,0,0,NA,"DE616N1"
"181","2019","CU","D","D35","D35_2019-05-27","U20445",0,0,0,NA,"DE616N1"
"182","2019","CU","D","D35","D35_2019-05-27","U20446",0,0,0,NA,"DE616N1"
"183","2019","CU","D","D35","D35_2019-05-27","U20447",0,0,0,NA,"DE616N1"
"184","2019","CU","D","D35","D35_2019-05-27","U20448",0,0,0,NA,"DE616N1"
"185","2019","CU","D","D35","D35_2019-05-27","U20449",0,0,0,NA,"DE616N1"
"186","2019","CU","D","D35","D35_2019-05-27","U20450",0,0,0,NA,"DE616N1"
"187","2019","SO","D","D27","D27_2019-05-29","U20151",1,0,1,NA,"DE617N1"
"188","2019","SO","D","D27","D27_2019-05-29","U20152",0,0,0,NA,"DE617N1"
"189","2019","SO","D","D27","D27_2019-05-29","U20153",0,0,0,NA,"DE617N1"
"190","2019","PI","D","D27","D27_2019-05-29","U20161",0,0,0,NA,"DE617N1"
"191","2019","PI","D","D27","D27_2019-05-29","U20162",0,0,0,NA,"DE617N1"
"192","2019","PI","D","D27","D27_2019-05-29","U20163",0,0,0,NA,"DE617N1"
"193","2019","PI","D","D27","D27_2019-05-29","U20164",0,0,0,NA,"DE617N1"
"194","2019","PI","D","D27","D27_2019-05-29","U20165",0,0,0,NA,"DE617N1"
"195","2019","PI","D","D27","D27_2019-05-29","U20166",0,0,0,NA,"DE617N1"
"196","2019","PI","D","D27","D27_2019-05-29","U20167",0,0,0,NA,"DE617N1"
"197","2019","PI","D","D27","D27_2019-05-29","U20168",0,0,0,NA,"DE617N1"
"198","2019","PI","D","D27","D27_2019-05-29","U20169",0,0,0,NA,"DE617N1"
"199","2019","PI","D","D27","D27_2019-05-29","U20170",0,0,0,NA,"DE617N1"
"200","2019","CU","D","D27","D27_2019-05-29","U20191",0,0,0,NA,"DE617N1"
"201","2019","CU","D","D27","D27_2019-05-29","U20192",0,0,0,NA,"DE617N1"
"202","2019","CU","D","D27","D27_2019-05-29","U20193",0,0,0,NA,"DE617N1"
"203","2019","CU","D","D27","D27_2019-05-29","U20194",0,0,0,NA,"DE617N1"
"204","2019","CU","D","D27","D27_2019-05-29","U20195",0,0,0,NA,"DE617N1"
"205","2019","CU","D","D27","D27_2019-05-29","U20196",1,0,1,NA,"DE617N1"
"206","2019","SO","D","D35","D35_2019-05-30","U20601",0,0,0,NA,"DE619N2"
"207","2019","SO","D","D35","D35_2019-05-30","U20602",0,0,0,NA,"DE619N2"
"208","2019","SO","D","D35","D35_2019-05-30","U20603",0,0,0,NA,"DE619N2"
"209","2019","SO","D","D35","D35_2019-05-30","U20604",0,0,0,NA,"DE619N2"
"210","2019","SO","D","D35","D35_2019-05-30","U20605",0,0,0,NA,"DE619N2"
"211","2019","SO","D","D35","D35_2019-05-30","U20606",0,0,0,NA,"DE619N2"
"212","2019","SO","D","D35","D35_2019-05-30","U20607",0,0,0,NA,"DE619N2"
"213","2019","SO","D","D35","D35_2019-05-30","U20608",0,0,0,NA,"DE619N2"
"214","2019","SO","D","D35","D35_2019-05-30","U20609",0,0,0,NA,"DE619N2"
"215","2019","SO","D","D35","D35_2019-05-30","U20610",0,0,0,NA,"DE619N2"
"216","2019","CU","D","D35","D35_2019-05-30","U20621",0,0,0,NA,"DE619N2"
"217","2019","CU","D","D35","D35_2019-05-30","U20622",0,0,0,NA,"DE619N2"
"218","2019","CU","D","D35","D35_2019-05-30","U20623",0,0,0,NA,"DE619N2"
"219","2019","CU","D","D35","D35_2019-05-30","U20624",0,0,0,NA,"DE619N2"
"220","2019","CU","D","D35","D35_2019-05-30","U20625",0,0,0,NA,"DE619N2"
"221","2019","CU","D","D35","D35_2019-05-30","U20626",0,0,0,NA,"DE619N2"
"222","2019","CU","D","D35","D35_2019-05-30","U20627",0,0,0,NA,"DE619N2"
"223","2019","CU","D","D35","D35_2019-05-30","U20628",0,0,0,NA,"DE619N2"
"224","2019","CU","D","D35","D35_2019-05-30","U20629",0,0,0,NA,"DE619N2"
"225","2019","CU","D","D35","D35_2019-05-30","U20630",0,0,0,NA,"DE619N2"
"226","2019","CU","D","D27","D27_2019-06-01","U20661",0,0,0,NA,"DE620N1"
"227","2019","CU","D","D27","D27_2019-06-01","U20662",0,0,0,NA,"DE620N1"
"228","2019","CU","D","D27","D27_2019-06-01","U20663",0,0,0,NA,"DE620N1"
"229","2019","CU","D","D27","D27_2019-06-01","U20664",0,0,0,NA,"DE620N1"
"230","2019","CU","D","D27","D27_2019-06-01","U20665",0,0,0,NA,"DE620N1"
"231","2019","CU","D","D27","D27_2019-06-01","U20666",0,0,0,NA,"DE620N1"
"232","2019","CU","D","D27","D27_2019-06-01","U20667",0,0,0,NA,"DE620N1"
"233","2019","CU","D","D27","D27_2019-06-01","U20668",0,0,0,NA,"DE620N1"
"234","2019","CU","D","D27","D27_2019-06-01","U20669",0,0,0,NA,"DE620N1"
"235","2019","CU","D","D27","D27_2019-06-01","U20670",0,0,0,NA,"DE620N1"
"236","2019","SO","D","D27","D27_2019-06-01","U20671",0,0,0,NA,"DE620N1"
"237","2019","PI","D","D27","D27_2019-06-01","U20691",0,0,0,NA,"DE620N1"
"238","2019","PI","D","D27","D27_2019-06-01","U20692",0,0,0,NA,"DE620N1"
"239","2019","PI","D","D27","D27_2019-06-01","U20693",0,0,0,NA,"DE620N1"
"240","2019","PI","D","D27","D27_2019-06-01","U20694",0,0,0,NA,"DE620N1"
"241","2019","PI","D","D27","D27_2019-06-01","U20695",0,0,0,NA,"DE620N1"
"242","2019","PI","D","D27","D27_2019-06-01","U20696",0,0,0,NA,"DE620N1"
"243","2019","PI","D","D27","D27_2019-06-01","U20697",0,0,0,NA,"DE620N1"
"244","2019","PI","D","D27","D27_2019-06-01","U20698",0,0,0,NA,"DE620N1"
"245","2019","PI","D","D27","D27_2019-06-01","U20699",0,0,0,NA,"DE620N1"
"246","2019","PI","D","D27","D27_2019-06-01","U20700",0,0,0,NA,"DE620N1"
"247","2019","SO","D","D09","D09_2019-06-02","U20701",1,0,1,NA,"DE621N2"
"248","2019","SO","D","D09","D09_2019-06-02","U20702",0,0,0,NA,"DE621N2"
"249","2019","SO","D","D09","D09_2019-06-02","U20703",0,0,0,NA,"DE621N2"
"250","2019","SO","D","D09","D09_2019-06-02","U20704",2,0,2,NA,"DE621N2"
"251","2019","SO","D","D09","D09_2019-06-02","U20705",0,0,0,NA,"DE621N2"
"252","2019","SO","D","D09","D09_2019-06-02","U20706",0,0,0,NA,"DE621N2"
"253","2019","SO","D","D09","D09_2019-06-02","U20707",0,0,0,NA,"DE621N2"
"254","2019","SO","D","D09","D09_2019-06-02","U20708",1,0,1,NA,"DE621N2"
"255","2019","SO","D","D09","D09_2019-06-02","U20709",3,0,3,NA,"DE621N2"
"256","2019","SO","D","D09","D09_2019-06-02","U20710",0,0,0,NA,"DE621N2"
"257","2019","CU","D","D09","D09_2019-06-02","U20721",1,0,1,NA,"DE621N2"
"258","2019","CU","D","D09","D09_2019-06-02","U20722",0,0,0,NA,"DE621N2"
"259","2019","CU","D","D09","D09_2019-06-02","U20723",0,0,0,NA,"DE621N2"
"260","2019","CU","D","D09","D09_2019-06-02","U20724",0,0,0,NA,"DE621N2"
"261","2019","CU","D","D09","D09_2019-06-02","U20725",0,0,0,NA,"DE621N2"
"262","2019","CU","D","D09","D09_2019-06-02","U20726",0,0,0,NA,"DE621N2"
"263","2019","CU","D","D09","D09_2019-06-02","U20727",0,0,0,NA,"DE621N2"
"264","2019","CU","D","D09","D09_2019-06-02","U20728",0,0,0,NA,"DE621N2"
"265","2019","CU","D","D09","D09_2019-06-02","U20729",0,0,0,NA,"DE621N2"
"266","2019","CU","D","D09","D09_2019-06-02","U20730",0,0,0,NA,"DE621N2"
"267","2019","PI","D","D09","D09_2019-06-02","U20791",0,0,0,NA,"DE621N2"
"268","2019","PI","D","D09","D09_2019-06-02","U20792",0,0,0,NA,"DE621N2"
"269","2019","PI","D","D09","D09_2019-06-02","U20793",2,0,2,NA,"DE621N2"
"270","2019","PI","D","D09","D09_2019-06-02","U20794",1,0,1,NA,"DE621N2"
"271","2019","PI","D","D09","D09_2019-06-02","U20795",0,0,0,NA,"DE621N2"
"272","2019","PI","D","D09","D09_2019-06-02","U20796",1,0,1,NA,"DE621N2"
"273","2019","PI","D","D09","D09_2019-06-02","U20797",0,0,0,NA,"DE621N2"
"274","2019","PI","D","D09","D09_2019-06-02","U20798",0,0,0,NA,"DE621N2"
"275","2019","PI","D","D09","D09_2019-06-02","U20799",0,0,0,NA,"DE621N2"
"276","2019","PI","D","D09","D09_2019-06-02","U20800",0,0,0,NA,"DE621N2"
"277","2019","SO","D","D35","D35_2019-06-03","U20761",0,0,0,NA,"DE623N1"
"278","2019","SO","D","D35","D35_2019-06-03","U20762",0,0,0,NA,"DE623N1"
"279","2019","SO","D","D35","D35_2019-06-03","U20763",0,0,0,NA,"DE623N1"
"280","2019","SO","D","D35","D35_2019-06-03","U20764",0,0,0,NA,"DE623N1"
"281","2019","SO","D","D35","D35_2019-06-03","U20765",0,1,1,NA,"DE623N1"
"282","2019","SO","D","D35","D35_2019-06-03","U20766",0,1,1,NA,"DE623N1"
"283","2019","SO","D","D35","D35_2019-06-03","U20767",0,0,0,NA,"DE623N1"
"284","2019","SO","D","D35","D35_2019-06-03","U20768",0,0,0,NA,"DE623N1"
"285","2019","SO","D","D35","D35_2019-06-03","U20769",0,0,0,NA,"DE623N1"
"286","2019","SO","D","D35","D35_2019-06-03","U20770",1,0,1,NA,"DE623N1"
"287","2019","CU","D","D27","D27_2019-06-04","U20011",0,0,0,NA,"DE624N1"
"288","2019","CU","D","D27","D27_2019-06-04","U20012",0,0,0,NA,"DE624N1"
"289","2019","CU","D","D27","D27_2019-06-04","U20013",0,0,0,NA,"DE624N1"
"290","2019","CU","D","D27","D27_2019-06-04","U20014",0,0,0,NA,"DE624N1"
"291","2019","CU","D","D27","D27_2019-06-04","U20015",0,0,0,NA,"DE624N1"
"292","2019","CU","D","D27","D27_2019-06-04","U20016",0,0,0,NA,"DE624N1"
"293","2019","CU","D","D27","D27_2019-06-04","U20017",0,0,0,NA,"DE624N1"
"294","2019","CU","D","D27","D27_2019-06-04","U20018",0,0,0,NA,"DE624N1"
"295","2019","CU","D","D27","D27_2019-06-04","U20019",0,0,0,NA,"DE624N1"
"296","2019","CU","D","D27","D27_2019-06-04","U20020",0,0,0,NA,"DE624N1"
"297","2019","PI","D","D27","D27_2019-06-04","U20021",0,0,0,NA,"DE624N1"
"298","2019","PI","D","D27","D27_2019-06-04","U20022",0,0,0,NA,"DE624N1"
"299","2019","PI","D","D27","D27_2019-06-04","U20023",0,0,0,NA,"DE624N1"
"300","2019","PI","D","D27","D27_2019-06-04","U20024",0,1,1,NA,"DE624N1"
"301","2019","PI","D","D27","D27_2019-06-04","U20025",0,0,0,NA,"DE624N1"
"302","2019","PI","D","D27","D27_2019-06-04","U20026",0,0,0,NA,"DE624N1"
"303","2019","PI","D","D27","D27_2019-06-04","U20027",0,0,0,NA,"DE624N1"
"304","2019","PI","D","D27","D27_2019-06-04","U20028",0,0,0,NA,"DE624N1"
"305","2019","PI","D","D27","D27_2019-06-04","U20029",0,0,0,NA,"DE624N1"
"306","2019","PI","D","D27","D27_2019-06-04","U20030",0,0,0,NA,"DE624N1"
"307","2019","SO","D","D27","D27_2019-06-04","U20031",2,0,2,NA,"DE624N1"
"308","2019","SO","D","D09","D09_2019-06-05","U20041",1,0,1,NA,"DE626N1"
"309","2019","SO","D","D09","D09_2019-06-05","U20042",2,0,2,NA,"DE626N1"
"310","2019","SO","D","D09","D09_2019-06-05","U20043",0,0,0,NA,"DE626N1"
"311","2019","SO","D","D09","D09_2019-06-05","U20044",0,0,0,NA,"DE626N1"
"312","2019","SO","D","D09","D09_2019-06-05","U20045",4,0,4,NA,"DE626N1"
"313","2019","SO","D","D09","D09_2019-06-05","U20046",1,0,1,NA,"DE626N1"
"314","2019","SO","D","D09","D09_2019-06-05","U20047",2,0,2,NA,"DE626N1"
"315","2019","SO","D","D09","D09_2019-06-05","U20048",2,0,2,NA,"DE626N1"
"316","2019","SO","D","D09","D09_2019-06-05","U20049",4,0,4,NA,"DE626N1"
"317","2019","SO","D","D09","D09_2019-06-05","U20050",2,0,2,NA,"DE626N1"
"318","2019","CU","D","D09","D09_2019-06-05","U20051",3,0,3,NA,"DE626N1"
"319","2019","CU","D","D09","D09_2019-06-05","U20052",0,0,0,NA,"DE626N1"
"320","2019","CU","D","D09","D09_2019-06-05","U20053",0,0,0,NA,"DE626N1"
"321","2019","CU","D","D09","D09_2019-06-05","U20054",0,0,0,NA,"DE626N1"
"322","2019","CU","D","D09","D09_2019-06-05","U20055",0,0,0,NA,"DE626N1"
"323","2019","CU","D","D09","D09_2019-06-05","U20056",0,0,0,NA,"DE626N1"
"324","2019","CU","D","D09","D09_2019-06-05","U20057",0,0,0,NA,"DE626N1"
"325","2019","CU","D","D09","D09_2019-06-05","U20058",0,0,0,NA,"DE626N1"
"326","2019","CU","D","D09","D09_2019-06-05","U20059",1,0,1,NA,"DE626N1"
"327","2019","CU","D","D09","D09_2019-06-05","U20060",0,0,0,NA,"DE626N1"
"328","2019","PI","D","D09","D09_2019-06-05","U20061",0,1,1,NA,"DE626N1"
"329","2019","PI","D","D09","D09_2019-06-05","U20062",0,0,0,NA,"DE626N1"
"330","2019","PI","D","D09","D09_2019-06-05","U20063",0,0,0,NA,"DE626N1"
"331","2019","PI","D","D09","D09_2019-06-05","U20064",0,0,0,NA,"DE626N1"
"332","2019","PI","D","D09","D09_2019-06-05","U20065",0,1,1,NA,"DE626N1"
"333","2019","PI","D","D09","D09_2019-06-05","U20066",0,0,0,NA,"DE626N1"
"334","2019","PI","D","D09","D09_2019-06-05","U20067",0,0,0,NA,"DE626N1"
"335","2019","PI","D","D09","D09_2019-06-05","U20068",1,0,1,NA,"DE626N1"
"336","2019","PI","D","D09","D09_2019-06-05","U20069",0,0,0,NA,"DE626N1"
"337","2019","PI","D","D09","D09_2019-06-05","U20070",0,0,0,NA,"DE626N1"
"338","2019","SO","D","D10","D10_2019-06-06","U20501",0,0,0,NA,"DE627N1"
"339","2019","SO","D","D10","D10_2019-06-06","U20502",1,0,1,NA,"DE627N1"
"340","2019","SO","D","D10","D10_2019-06-06","U20503",0,0,0,NA,"DE627N1"
"341","2019","SO","D","D10","D10_2019-06-06","U20504",0,0,0,NA,"DE627N1"
"342","2019","SO","D","D10","D10_2019-06-06","U20505",1,0,1,NA,"DE627N1"
"343","2019","SO","D","D10","D10_2019-06-06","U20506",0,0,0,NA,"DE627N1"
"344","2019","SO","D","D10","D10_2019-06-06","U20507",0,0,0,NA,"DE627N1"
"345","2019","SO","D","D10","D10_2019-06-06","U20508",0,0,0,NA,"DE627N1"
"346","2019","SO","D","D10","D10_2019-06-06","U20509",0,0,0,NA,"DE627N1"
"347","2019","SO","D","D10","D10_2019-06-06","U20510",0,0,0,NA,"DE627N1"
"348","2019","CU","D","D10","D10_2019-06-06","U20511",0,0,0,NA,"DE627N1"
"349","2019","CU","D","D10","D10_2019-06-06","U20512",0,0,0,NA,"DE627N1"
"350","2019","CU","D","D10","D10_2019-06-06","U20513",0,0,0,NA,"DE627N1"
"351","2019","CU","D","D10","D10_2019-06-06","U20514",0,1,1,NA,"DE627N1"
"352","2019","CU","D","D10","D10_2019-06-06","U20515",3,0,3,NA,"DE627N1"
"353","2019","CU","D","D10","D10_2019-06-06","U20516",1,0,1,NA,"DE627N1"
"354","2019","CU","D","D10","D10_2019-06-06","U20517",0,0,0,NA,"DE627N1"
"355","2019","CU","D","D10","D10_2019-06-06","U20518",0,1,1,NA,"DE627N1"
"356","2019","CU","D","D10","D10_2019-06-06","U20519",0,1,1,NA,"DE627N1"
"357","2019","CU","D","D10","D10_2019-06-06","U20520",0,0,0,NA,"DE627N1"
"358","2019","SO","D","D09","D09_2019-06-10","U20561",0,0,0,NA,"DE628N3"
"359","2019","SO","D","D09","D09_2019-06-10","U20562",0,0,0,NA,"DE628N3"
"360","2019","SO","D","D09","D09_2019-06-10","U20563",0,0,0,NA,"DE628N3"
"361","2019","SO","D","D09","D09_2019-06-10","U20564",0,0,0,NA,"DE628N3"
"362","2019","SO","D","D09","D09_2019-06-10","U20565",0,1,1,NA,"DE628N3"
"363","2019","SO","D","D09","D09_2019-06-10","U20566",0,0,0,NA,"DE628N3"
"364","2019","SO","D","D09","D09_2019-06-10","U20567",0,0,0,NA,"DE628N3"
"365","2019","SO","D","D09","D09_2019-06-10","U20568",0,0,0,NA,"DE628N3"
"366","2019","SO","D","D09","D09_2019-06-10","U20569",0,0,0,NA,"DE628N3"
"367","2019","SO","D","D09","D09_2019-06-10","U20570",0,0,0,NA,"DE628N3"
"368","2019","CU","D","D09","D09_2019-06-10","U20571",2,0,2,NA,"DE628N3"
"369","2019","CU","D","D09","D09_2019-06-10","U20572",3,0,3,NA,"DE628N3"
"370","2019","CU","D","D09","D09_2019-06-10","U20573",0,0,0,NA,"DE628N3"
"371","2019","CU","D","D09","D09_2019-06-10","U20574",0,0,0,NA,"DE628N3"
"372","2019","CU","D","D09","D09_2019-06-10","U20575",1,0,1,NA,"DE628N3"
"373","2019","CU","D","D09","D09_2019-06-10","U20576",1,0,1,NA,"DE628N3"
"374","2019","CU","D","D09","D09_2019-06-10","U20577",2,0,2,NA,"DE628N3"
"375","2019","CU","D","D09","D09_2019-06-10","U20578",0,0,0,NA,"DE628N3"
"376","2019","CU","D","D09","D09_2019-06-10","U20579",0,0,0,NA,"DE628N3"
"377","2019","CU","D","D09","D09_2019-06-10","U20580",0,0,0,NA,"DE628N3"
"378","2019","SO","D","D27","D27_2019-06-11","U20801",0,0,0,NA,"DE629N1"
"379","2019","SO","D","D27","D27_2019-06-11","U20802",0,0,0,NA,"DE629N1"
"380","2019","SO","D","D27","D27_2019-06-11","U20803",0,0,0,NA,"DE629N1"
"381","2019","PI","D","D27","D27_2019-06-11","U21621",0,0,0,NA,"DE629N1"
"382","2019","PI","D","D27","D27_2019-06-11","U21622",0,0,0,NA,"DE629N1"
"383","2019","PI","D","D27","D27_2019-06-11","U21623",0,0,0,NA,"DE629N1"
"384","2019","PI","D","D27","D27_2019-06-11","U21624",0,0,0,NA,"DE629N1"
"385","2019","PI","D","D27","D27_2019-06-11","U21625",0,0,0,NA,"DE629N1"
"386","2019","PI","D","D27","D27_2019-06-11","U21626",0,0,0,NA,"DE629N1"
"387","2019","PI","D","D27","D27_2019-06-11","U21627",0,0,0,NA,"DE629N1"
"388","2019","PI","D","D27","D27_2019-06-11","U21628",0,0,0,NA,"DE629N1"
"389","2019","PI","D","D27","D27_2019-06-11","U21629",0,0,0,NA,"DE629N1"
"390","2019","PI","D","D27","D27_2019-06-11","U21630",1,0,1,NA,"DE629N1"
"391","2019","CU","D","D27","D27_2019-06-11","U21691",0,0,0,NA,"DE629N1"
"392","2019","CU","D","D27","D27_2019-06-11","U21692",0,0,0,NA,"DE629N1"
"393","2019","CU","D","D27","D27_2019-06-11","U21693",0,0,0,NA,"DE629N1"
"394","2019","CU","D","D27","D27_2019-06-11","U21694",0,0,0,NA,"DE629N1"
"395","2019","CU","D","D27","D27_2019-06-11","U21695",2,0,2,NA,"DE629N1"
"396","2019","CU","D","D27","D27_2019-06-11","U21696",2,0,2,NA,"DE629N1"
"397","2019","CU","D","D27","D27_2019-06-11","U21697",3,0,3,NA,"DE629N1"
"398","2019","CU","D","D27","D27_2019-06-11","U21698",0,0,0,NA,"DE629N1"
"399","2019","CU","D","D27","D27_2019-06-11","U21699",0,0,0,NA,"DE629N1"
"400","2019","CU","D","D27","D27_2019-06-11","U21700",3,0,3,NA,"DE629N1"
"401","2019","PI","D","D22","D22_2019-06-11","U20821",1,1,2,NA,"DE630N1"
"402","2019","PI","D","D22","D22_2019-06-11","U20822",2,0,2,NA,"DE630N1"
"403","2019","SO","D","D22","D22_2019-06-11","U20881",0,0,0,NA,"DE630N1"
"404","2019","SO","D","D22","D22_2019-06-11","U20882",1,0,1,NA,"DE630N1"
"405","2019","SO","D","D22","D22_2019-06-11","U20883",1,0,1,NA,"DE630N1"
"406","2019","SO","D","D22","D22_2019-06-11","U20884",0,0,0,NA,"DE630N1"
"407","2019","SO","D","D22","D22_2019-06-11","U20885",0,0,0,NA,"DE630N1"
"408","2019","SO","D","D22","D22_2019-06-11","U20886",1,0,1,NA,"DE630N1"
"409","2019","SO","D","D22","D22_2019-06-11","U20887",0,0,0,NA,"DE630N1"
"410","2019","SO","D","D22","D22_2019-06-11","U20888",0,0,0,NA,"DE630N1"
"411","2019","SO","D","D22","D22_2019-06-11","U20889",0,0,0,NA,"DE630N1"
"412","2019","SO","D","D22","D22_2019-06-11","U20890",0,0,0,NA,"DE630N1"
"413","2019","CU","D","D22","D22_2019-06-11","U20891",1,0,1,NA,"DE630N1"
"414","2019","CU","D","D22","D22_2019-06-11","U20892",1,0,1,NA,"DE630N1"
"415","2019","CU","D","D22","D22_2019-06-11","U20893",1,0,1,NA,"DE630N1"
"416","2019","CU","D","D22","D22_2019-06-11","U20894",1,0,1,NA,"DE630N1"
"417","2019","CU","D","D22","D22_2019-06-11","U20895",1,0,1,NA,"DE630N1"
"418","2019","CU","D","D22","D22_2019-06-11","U20896",0,0,0,NA,"DE630N1"
"419","2019","CU","D","D22","D22_2019-06-11","U20897",0,0,0,NA,"DE630N1"
"420","2019","CU","D","D22","D22_2019-06-11","U20898",0,0,0,NA,"DE630N1"
"421","2019","CU","D","D22","D22_2019-06-11","U20899",0,0,0,NA,"DE630N1"
"422","2019","CU","D","D22","D22_2019-06-11","U20900",0,0,0,NA,"DE630N1"
"423","2019","SO","D","D10","D10_2019-06-12","U21661",0,0,0,NA,"DE631N1"
"424","2019","SO","D","D10","D10_2019-06-12","U21662",0,0,0,NA,"DE631N1"
"425","2019","SO","D","D10","D10_2019-06-12","U21663",0,0,0,NA,"DE631N1"
"426","2019","SO","D","D10","D10_2019-06-12","U21664",0,1,1,NA,"DE631N1"
"427","2019","SO","D","D10","D10_2019-06-12","U21665",1,0,1,NA,"DE631N1"
"428","2019","SO","D","D10","D10_2019-06-12","U21666",0,0,0,NA,"DE631N1"
"429","2019","SO","D","D10","D10_2019-06-12","U21667",0,0,0,NA,"DE631N1"
"430","2019","SO","D","D10","D10_2019-06-12","U21668",0,0,0,NA,"DE631N1"
"431","2019","SO","D","D10","D10_2019-06-12","U21669",0,0,0,NA,"DE631N1"
"432","2019","SO","D","D10","D10_2019-06-12","U21670",0,0,0,NA,"DE631N1"
"433","2019","CU","D","D10","D10_2019-06-12","U21671",0,0,0,NA,"DE631N1"
"434","2019","CU","D","D10","D10_2019-06-12","U21672",0,0,0,NA,"DE631N1"
"435","2019","CU","D","D10","D10_2019-06-12","U21673",1,0,1,NA,"DE631N1"
"436","2019","CU","D","D10","D10_2019-06-12","U21674",0,0,0,NA,"DE631N1"
"437","2019","CU","D","D10","D10_2019-06-12","U21675",0,0,0,NA,"DE631N1"
"438","2019","CU","D","D10","D10_2019-06-12","U21676",0,0,0,NA,"DE631N1"
"439","2019","CU","D","D10","D10_2019-06-12","U21677",0,0,0,NA,"DE631N1"
"440","2019","CU","D","D10","D10_2019-06-12","U21678",0,0,0,NA,"DE631N1"
"441","2019","CU","D","D10","D10_2019-06-12","U21679",0,0,0,NA,"DE631N1"
"442","2019","CU","D","D10","D10_2019-06-12","U21680",0,0,0,NA,"DE631N1"
"443","2019","SO","D","D09","D09_2019-06-17","U20831",0,0,0,NA,"DE632N2"
"444","2019","SO","D","D09","D09_2019-06-17","U20832",0,0,0,NA,"DE632N2"
"445","2019","SO","D","D09","D09_2019-06-17","U20833",0,0,0,NA,"DE632N2"
"446","2019","PI","D","D09","D09_2019-06-17","U20841",0,1,1,NA,"DE632N2"
"447","2019","CU","D","D09","D09_2019-06-17","U20842",1,1,2,NA,"DE632N2"
"448","2019","CU","D","D09","D09_2019-06-17","U20843",1,0,1,NA,"DE632N2"
"449","2019","PI","D","D09","D09_2019-06-17","U20844",1,0,1,NA,"DE632N2"
"450","2019","CU","D","D09","D09_2019-06-17","U20845",1,0,1,NA,"DE632N2"
"451","2019","CU","D","D09","D09_2019-06-17","U20846",0,0,0,NA,"DE632N2"
"452","2019","CU","D","D09","D09_2019-06-17","U20847",0,0,0,NA,"DE632N2"
"453","2019","CU","D","D09","D09_2019-06-17","U20848",1,0,1,NA,"DE632N2"
"454","2019","CU","D","D09","D09_2019-06-17","U20849",1,0,1,NA,"DE632N2"
"455","2019","CU","D","D09","D09_2019-06-17","U20850",2,0,2,NA,"DE632N2"
"456","2019","SO","D","D09","D09_2019-06-17","U20861",0,0,0,NA,"DE632N2"
"457","2019","SO","D","D09","D09_2019-06-17","U20862",1,0,1,NA,"DE632N2"
"458","2019","SO","D","D09","D09_2019-06-17","U20863",0,0,0,NA,"DE632N2"
"459","2019","SO","D","D09","D09_2019-06-17","U20864",0,0,0,NA,"DE632N2"
"460","2019","SO","D","D09","D09_2019-06-17","U20865",1,0,1,NA,"DE632N2"
"461","2019","SO","D","D09","D09_2019-06-17","U20866",0,0,0,NA,"DE632N2"
"462","2019","SO","D","D09","D09_2019-06-17","U20867",0,0,0,NA,"DE632N2"
"463","2019","SO","D","D09","D09_2019-06-17","U20868",0,0,0,NA,"DE632N2"
"464","2019","SO","D","D09","D09_2019-06-17","U20869",0,0,0,NA,"DE632N2"
"465","2019","SO","D","D09","D09_2019-06-17","U20870",1,0,1,NA,"DE632N2"
"466","2019","PI","D","D09","D09_2019-06-17","U20871",0,0,0,NA,"DE632N2"
"467","2019","PI","D","D09","D09_2019-06-17","U20872",0,0,0,NA,"DE632N2"
"468","2019","PI","D","D09","D09_2019-06-17","U20873",0,0,0,NA,"DE632N2"
"469","2019","PI","D","D09","D09_2019-06-17","U20874",1,1,2,NA,"DE632N2"
"470","2019","PI","D","D09","D09_2019-06-17","U20875",3,0,3,NA,"DE632N2"
"471","2019","PI","D","D09","D09_2019-06-17","U20876",0,0,0,NA,"DE632N2"
"472","2019","PI","D","D09","D09_2019-06-17","U20877",1,0,1,NA,"DE632N2"
"473","2019","PI","D","D09","D09_2019-06-17","U20878",1,0,1,NA,"DE632N2"
"474","2019","PI","D","D09","D09_2019-06-17","U20879",0,0,0,NA,"DE632N2"
"475","2019","PI","D","D09","D09_2019-06-17","U20880",1,1,2,NA,"DE632N2"
"476","2019","CU","D","D09","D09_2019-06-17","U20901",0,0,0,NA,"DE632N2"
"477","2019","CU","D","D09","D09_2019-06-17","U20902",1,0,1,NA,"DE632N2"
"478","2019","PI","D","D27","D27_2019-06-18","U21011",0,0,0,NA,"DE633N2"
"479","2019","PI","D","D27","D27_2019-06-18","U21012",0,0,0,NA,"DE633N2"
"480","2019","PI","D","D27","D27_2019-06-18","U21013",0,0,0,NA,"DE633N2"
"481","2019","PI","D","D27","D27_2019-06-18","U21014",2,0,2,NA,"DE633N2"
"482","2019","PI","D","D27","D27_2019-06-18","U21015",0,0,0,NA,"DE633N2"
"483","2019","PI","D","D27","D27_2019-06-18","U21016",0,0,0,NA,"DE633N2"
"484","2019","PI","D","D27","D27_2019-06-18","U21017",0,0,0,NA,"DE633N2"
"485","2019","PI","D","D27","D27_2019-06-18","U21018",0,0,0,NA,"DE633N2"
"486","2019","PI","D","D27","D27_2019-06-18","U21019",0,0,0,NA,"DE633N2"
"487","2019","PI","D","D27","D27_2019-06-18","U21020",0,0,0,NA,"DE633N2"
"488","2019","CU","D","D27","D27_2019-06-18","U21021",0,0,0,NA,"DE633N2"
"489","2019","CU","D","D27","D27_2019-06-18","U21022",0,0,0,NA,"DE633N2"
"490","2019","CU","D","D27","D27_2019-06-18","U21023",0,0,0,NA,"DE633N2"
"491","2019","CU","D","D27","D27_2019-06-18","U21024",1,0,1,NA,"DE633N2"
"492","2019","CU","D","D27","D27_2019-06-18","U21025",0,0,0,NA,"DE633N2"
"493","2019","CU","D","D27","D27_2019-06-18","U21026",0,0,0,NA,"DE633N2"
"494","2019","CU","D","D27","D27_2019-06-18","U21027",0,0,0,NA,"DE633N2"
"495","2019","CU","D","D27","D27_2019-06-18","U21028",0,0,0,NA,"DE633N2"
"496","2019","CU","D","D27","D27_2019-06-18","U21029",0,0,0,NA,"DE633N2"
"497","2019","CU","D","D27","D27_2019-06-18","U21030",1,0,1,NA,"DE633N2"
"498","2019","SO","D","D35","D35_2019-06-20","U21031",0,0,0,NA,"DE634N1"
"499","2019","SO","D","D35","D35_2019-06-20","U21032",0,0,0,NA,"DE634N1"
"500","2019","SO","D","D35","D35_2019-06-20","U21033",1,0,1,NA,"DE634N1"
"501","2019","SO","D","D35","D35_2019-06-20","U21034",1,0,1,NA,"DE634N1"
"502","2019","SO","D","D35","D35_2019-06-20","U21035",1,0,1,NA,"DE634N1"
"503","2019","SO","D","D35","D35_2019-06-20","U21036",4,0,4,NA,"DE634N1"
"504","2019","SO","D","D35","D35_2019-06-20","U21037",0,0,0,NA,"DE634N1"
"505","2019","SO","D","D35","D35_2019-06-20","U21038",0,0,0,NA,"DE634N1"
"506","2019","SO","D","D35","D35_2019-06-20","U21039",0,0,0,NA,"DE634N1"
"507","2019","SO","D","D35","D35_2019-06-20","U21040",0,0,0,NA,"DE634N1"
"508","2019","PI","D","D35","D35_2019-06-20","U21041",1,0,1,NA,"DE634N1"
"509","2019","PI","D","D35","D35_2019-06-20","U21042",1,0,1,NA,"DE634N1"
"510","2019","PI","D","D35","D35_2019-06-20","U21043",0,0,0,NA,"DE634N1"
"511","2019","PI","D","D35","D35_2019-06-20","U21044",0,0,0,NA,"DE634N1"
"512","2019","PI","D","D35","D35_2019-06-20","U21045",0,0,0,NA,"DE634N1"
"513","2019","PI","D","D35","D35_2019-06-20","U21046",1,0,1,NA,"DE634N1"
"514","2019","PI","D","D35","D35_2019-06-20","U21047",0,0,0,NA,"DE634N1"
"515","2019","PI","D","D35","D35_2019-06-20","U21048",0,0,0,NA,"DE634N1"
"516","2019","PI","D","D35","D35_2019-06-20","U21049",0,0,0,NA,"DE634N1"
"517","2019","PI","D","D35","D35_2019-06-20","U21050",0,0,0,NA,"DE634N1"
"518","2019","CU","D","D35","D35_2019-06-20","U21051",0,0,0,NA,"DE634N1"
"519","2019","CU","D","D35","D35_2019-06-20","U21052",0,0,0,NA,"DE634N1"
"520","2019","CU","D","D35","D35_2019-06-20","U21053",0,0,0,NA,"DE634N1"
"521","2019","CU","D","D35","D35_2019-06-20","U21054",0,0,0,NA,"DE634N1"
"522","2019","CU","D","D35","D35_2019-06-20","U21055",0,0,0,NA,"DE634N1"
"523","2019","CU","D","D35","D35_2019-06-20","U21056",0,0,0,NA,"DE634N1"
"524","2019","CU","D","D35","D35_2019-06-20","U21057",0,0,0,NA,"DE634N1"
"525","2019","CU","D","D35","D35_2019-06-20","U21058",1,0,1,NA,"DE634N1"
"526","2019","CU","D","D35","D35_2019-06-20","U21059",0,0,0,NA,"DE634N1"
"527","2019","CU","D","D35","D35_2019-06-20","U21060",0,0,0,NA,"DE634N1"
"528","2019","SO","D","D09","D09_2019-06-24","U20921",0,0,0,NA,"DE636N2"
"529","2019","PI","D","D09","D09_2019-06-24","U20931",0,0,0,NA,"DE636N2"
"530","2019","PI","D","D09","D09_2019-06-24","U20932",0,0,0,NA,"DE636N2"
"531","2019","PI","D","D09","D09_2019-06-24","U20933",1,0,1,NA,"DE636N2"
"532","2019","PI","D","D09","D09_2019-06-24","U20934",1,0,1,NA,"DE636N2"
"533","2019","PI","D","D09","D09_2019-06-24","U20935",0,1,1,NA,"DE636N2"
"534","2019","PI","D","D09","D09_2019-06-24","U20936",0,2,2,NA,"DE636N2"
"535","2019","PI","D","D09","D09_2019-06-24","U20937",0,2,2,NA,"DE636N2"
"536","2019","PI","D","D09","D09_2019-06-24","U20938",1,2,3,NA,"DE636N2"
"537","2019","PI","D","D09","D09_2019-06-24","U20939",0,0,0,NA,"DE636N2"
"538","2019","PI","D","D09","D09_2019-06-24","U20940",1,6,7,NA,"DE636N2"
"539","2019","CU","D","D09","D09_2019-06-24","U21091",0,0,0,NA,"DE636N2"
"540","2019","CU","D","D09","D09_2019-06-24","U21092",2,1,3,NA,"DE636N2"
"541","2019","CU","D","D09","D09_2019-06-24","U21093",1,0,1,NA,"DE636N2"
"542","2019","CU","D","D09","D09_2019-06-24","U21094",0,0,0,NA,"DE636N2"
"543","2019","CU","D","D09","D09_2019-06-24","U21095",0,0,0,NA,"DE636N2"
"544","2019","CU","D","D09","D09_2019-06-24","U21096",0,0,0,NA,"DE636N2"
"545","2019","CU","D","D09","D09_2019-06-24","U21097",0,0,0,NA,"DE636N2"
"546","2019","CU","D","D09","D09_2019-06-24","U21098",0,0,0,NA,"DE636N2"
"547","2019","CU","D","D09","D09_2019-06-24","U21099",0,0,0,NA,"DE636N2"
"548","2019","CU","D","D09","D09_2019-06-24","U21100",0,0,0,NA,"DE636N2"
"549","2019","PI","D","D27","D27_2019-06-25","U20961",0,0,0,NA,"DE638N1"
"550","2019","CU","D","D27","D27_2019-06-25","U20971",6,0,6,NA,"DE638N1"
"551","2019","CU","D","D27","D27_2019-06-25","U20972",0,0,0,NA,"DE638N1"
"552","2019","CU","D","D27","D27_2019-06-25","U20973",0,0,0,NA,"DE638N1"
"553","2019","CU","D","D27","D27_2019-06-25","U20974",2,0,2,NA,"DE638N1"
"554","2019","CU","D","D27","D27_2019-06-25","U20975",0,0,0,NA,"DE638N1"
"555","2019","CU","D","D27","D27_2019-06-25","U20976",0,0,0,NA,"DE638N1"
"556","2019","CU","D","D27","D27_2019-06-25","U20977",1,0,1,NA,"DE638N1"
"557","2019","CU","D","D27","D27_2019-06-25","U20978",0,1,1,NA,"DE638N1"
"558","2019","CU","D","D27","D27_2019-06-25","U20979",0,0,0,NA,"DE638N1"
"559","2019","CU","D","D27","D27_2019-06-25","U20980",1,1,2,NA,"DE638N1"
"560","2019","PI","D","D22","D22_2019-06-25","U20981",0,0,0,NA,"DE639N2"
"561","2019","PI","D","D22","D22_2019-06-25","U20982",1,0,1,NA,"DE639N2"
"562","2019","PI","D","D22","D22_2019-06-25","U20983",0,0,0,NA,"DE639N2"
"563","2019","PI","D","D22","D22_2019-06-25","U20984",1,0,1,NA,"DE639N2"
"564","2019","PI","D","D22","D22_2019-06-25","U20985",0,0,0,NA,"DE639N2"
"565","2019","PI","D","D22","D22_2019-06-25","U20986",2,0,2,NA,"DE639N2"
"566","2019","PI","D","D22","D22_2019-06-25","U20987",0,0,0,NA,"DE639N2"
"567","2019","PI","D","D22","D22_2019-06-25","U20988",0,0,0,NA,"DE639N2"
"568","2019","PI","D","D22","D22_2019-06-25","U20989",1,0,1,NA,"DE639N2"
"569","2019","PI","D","D22","D22_2019-06-25","U20990",1,1,2,NA,"DE639N2"
"570","2019","CU","D","D22","D22_2019-06-25","U20991",1,0,1,NA,"DE639N2"
"571","2019","CU","D","D22","D22_2019-06-25","U20992",0,0,0,NA,"DE639N2"
"572","2019","CU","D","D22","D22_2019-06-25","U20993",0,0,0,NA,"DE639N2"
"573","2019","CU","D","D22","D22_2019-06-25","U20994",0,0,0,NA,"DE639N2"
"574","2019","CU","D","D22","D22_2019-06-25","U20995",0,0,0,NA,"DE639N2"
"575","2019","CU","D","D22","D22_2019-06-25","U20996",0,0,0,NA,"DE639N2"
"576","2019","CU","D","D22","D22_2019-06-25","U20997",2,0,2,NA,"DE639N2"
"577","2019","SO","D","D22","D22_2019-06-25","U21101",0,0,0,NA,"DE639N2"
"578","2019","SO","D","D22","D22_2019-06-25","U21102",2,0,2,NA,"DE639N2"
"579","2019","SO","D","D22","D22_2019-06-25","U21104",5,0,5,NA,"DE639N2"
"580","2019","PI","D","D35","D35_2019-06-26","U21111",0,0,0,NA,"DE641N2"
"581","2019","PI","D","D35","D35_2019-06-26","U21121",0,0,0,NA,"DE641N2"
"582","2019","PI","D","D35","D35_2019-06-26","U21122",0,0,0,NA,"DE641N2"
"583","2019","PI","D","D35","D35_2019-06-26","U21123",0,0,0,NA,"DE641N2"
"584","2019","PI","D","D35","D35_2019-06-26","U21124",0,0,0,NA,"DE641N2"
"585","2019","PI","D","D35","D35_2019-06-26","U21125",1,0,1,NA,"DE641N2"
"586","2019","PI","D","D35","D35_2019-06-26","U21126",0,0,0,NA,"DE641N2"
"587","2019","PI","D","D35","D35_2019-06-26","U21127",0,1,1,NA,"DE641N2"
"588","2019","PI","D","D35","D35_2019-06-26","U21128",0,0,0,NA,"DE641N2"
"589","2019","PI","D","D35","D35_2019-06-26","U21129",0,0,0,NA,"DE641N2"
"590","2019","PI","D","D35","D35_2019-06-26","U21130",0,0,0,NA,"DE641N2"
"591","2019","CU","D","D35","D35_2019-06-26","U21131",0,0,0,NA,"DE641N2"
"592","2019","CU","D","D35","D35_2019-06-26","U21132",0,0,0,NA,"DE641N2"
"593","2019","CU","D","D35","D35_2019-06-26","U21133",0,0,0,NA,"DE641N2"
"594","2019","CU","D","D35","D35_2019-06-26","U21134",0,0,0,NA,"DE641N2"
"595","2019","CU","D","D35","D35_2019-06-26","U21135",0,0,0,NA,"DE641N2"
"596","2019","CU","D","D35","D35_2019-06-26","U21136",0,0,0,NA,"DE641N2"
"597","2019","CU","D","D35","D35_2019-06-26","U21137",0,0,0,NA,"DE641N2"
"598","2019","CU","D","D35","D35_2019-06-26","U21138",0,0,0,NA,"DE641N2"
"599","2019","CU","D","D35","D35_2019-06-26","U21139",0,0,0,NA,"DE641N2"
"600","2019","CU","D","D35","D35_2019-06-26","U21140",0,0,0,NA,"DE641N2"
"601","2019","CU","D","D09","D09_2019-07-02","U21151",1,2,3,NA,"DE642N2"
"602","2019","CU","D","D09","D09_2019-07-02","U21152",6,0,6,NA,"DE642N2"
"603","2019","CU","D","D09","D09_2019-07-02","U21153",1,0,1,NA,"DE642N2"
"604","2019","CU","D","D09","D09_2019-07-02","U21154",2,0,2,NA,"DE642N2"
"605","2019","CU","D","D09","D09_2019-07-02","U21155",2,0,2,NA,"DE642N2"
"606","2019","CU","D","D09","D09_2019-07-02","U21156",1,0,1,NA,"DE642N2"
"607","2019","CU","D","D09","D09_2019-07-02","U21157",1,0,1,NA,"DE642N2"
"608","2019","CU","D","D09","D09_2019-07-02","U21158",1,0,1,NA,"DE642N2"
"609","2019","CU","D","D09","D09_2019-07-02","U21159",2,1,3,NA,"DE642N2"
"610","2019","CU","D","D09","D09_2019-07-02","U21160",1,0,1,NA,"DE642N2"
"611","2019","SO","D","D09","D09_2019-07-02","U21181",2,0,2,NA,"DE642N2"
"612","2019","SO","D","D09","D09_2019-07-02","U21182",3,0,3,NA,"DE642N2"
"613","2019","SO","D","D09","D09_2019-07-02","U21183",1,0,1,NA,"DE642N2"
"614","2019","PI","D","D09","D09_2019-07-02","U21191",1,0,1,NA,"DE642N2"
"615","2019","PI","D","D09","D09_2019-07-02","U21192",3,0,3,NA,"DE642N2"
"616","2019","PI","D","D09","D09_2019-07-02","U21193",4,0,4,NA,"DE642N2"
"617","2019","PI","D","D09","D09_2019-07-02","U21194",0,1,1,NA,"DE642N2"
"618","2019","PI","D","D09","D09_2019-07-02","U21195",1,0,1,NA,"DE642N2"
"619","2019","PI","D","D09","D09_2019-07-02","U21196",1,1,2,NA,"DE642N2"
"620","2019","PI","D","D09","D09_2019-07-02","U21197",1,0,1,NA,"DE642N2"
"621","2019","PI","D","D09","D09_2019-07-02","U21198",1,0,1,NA,"DE642N2"
"622","2019","PI","D","D09","D09_2019-07-02","U21199",0,0,0,NA,"DE642N2"
"623","2019","PI","D","D09","D09_2019-07-02","U21200",2,1,3,NA,"DE642N2"
"624","2019","SO","D","D09","D09_2019-07-02","U21201",0,0,0,NA,"DE642N3"
"625","2019","SO","D","D09","D09_2019-07-02","U21202",0,0,0,NA,"DE642N3"
"626","2019","SO","D","D09","D09_2019-07-02","U21203",1,0,1,NA,"DE642N3"
"627","2019","SO","D","D09","D09_2019-07-02","U21204",2,0,2,NA,"DE642N3"
"628","2019","SO","D","D09","D09_2019-07-02","U21205",0,0,0,NA,"DE642N3"
"629","2019","SO","D","D09","D09_2019-07-02","U21206",0,0,0,NA,"DE642N3"
"630","2019","SO","D","D09","D09_2019-07-02","U21207",0,0,0,NA,"DE642N3"
"631","2019","SO","D","D09","D09_2019-07-02","U21208",0,0,0,NA,"DE642N3"
"632","2019","SO","D","D09","D09_2019-07-02","U21209",0,0,0,NA,"DE642N3"
"633","2019","SO","D","D09","D09_2019-07-02","U21210",1,0,1,NA,"DE642N3"
"634","2019","CU","D","D27","D27_2019-07-03","U21251",6,0,6,NA,"DE643N1"
"635","2019","CU","D","D27","D27_2019-07-03","U21252",2,0,2,NA,"DE643N1"
"636","2019","CU","D","D27","D27_2019-07-03","U21253",1,0,1,NA,"DE643N1"
"637","2019","CU","D","D27","D27_2019-07-03","U21254",1,0,1,NA,"DE643N1"
"638","2019","CU","D","D27","D27_2019-07-03","U21255",0,0,0,NA,"DE643N1"
"639","2019","CU","D","D27","D27_2019-07-03","U21256",2,0,2,NA,"DE643N1"
"640","2019","CU","D","D27","D27_2019-07-03","U21257",2,0,2,NA,"DE643N1"
"641","2019","CU","D","D27","D27_2019-07-03","U21258",0,0,0,NA,"DE643N1"
"642","2019","CU","D","D27","D27_2019-07-03","U21259",1,0,1,NA,"DE643N1"
"643","2019","CU","D","D27","D27_2019-07-03","U21260",2,0,2,NA,"DE643N1"
"644","2019","PI","D","D27","D27_2019-07-03","U21261",1,0,1,NA,"DE643N1"
"645","2019","PI","D","D27","D27_2019-07-03","U21262",0,0,0,NA,"DE643N1"
"646","2019","PI","D","D27","D27_2019-07-03","U21263",0,0,0,NA,"DE643N1"
"647","2019","PI","D","D27","D27_2019-07-03","U21264",0,0,0,NA,"DE643N1"
"648","2019","PI","D","D27","D27_2019-07-03","U21265",1,0,1,NA,"DE643N1"
"649","2019","PI","D","D27","D27_2019-07-03","U21266",1,0,1,NA,"DE643N1"
"650","2019","PI","D","D27","D27_2019-07-03","U21267",0,0,0,NA,"DE643N1"
"651","2019","PI","D","D27","D27_2019-07-03","U21268",3,0,3,NA,"DE643N1"
"652","2019","PI","D","D27","D27_2019-07-03","U21269",0,0,0,NA,"DE643N1"
"653","2019","PI","D","D27","D27_2019-07-03","U21270",1,0,1,NA,"DE643N1"
"654","2019","PI","D","D22","D22_2019-07-03","U21321",0,0,0,NA,"DE644N3"
"655","2019","PI","D","D22","D22_2019-07-03","U21322",0,0,0,NA,"DE644N3"
"656","2019","PI","D","D22","D22_2019-07-03","U21323",0,0,0,NA,"DE644N3"
"657","2019","PI","D","D22","D22_2019-07-03","U21324",0,0,0,NA,"DE644N3"
"658","2019","PI","D","D22","D22_2019-07-03","U21325",2,0,2,NA,"DE644N3"
"659","2019","PI","D","D22","D22_2019-07-03","U21326",1,0,1,NA,"DE644N3"
"660","2019","PI","D","D22","D22_2019-07-03","U21327",1,0,1,NA,"DE644N3"
"661","2019","PI","D","D22","D22_2019-07-03","U21328",0,0,0,NA,"DE644N3"
"662","2019","PI","D","D22","D22_2019-07-03","U21329",1,0,1,NA,"DE644N3"
"663","2019","PI","D","D22","D22_2019-07-03","U21330",0,0,0,NA,"DE644N3"
"664","2019","PI","D","D35","D35_2019-07-04","U21271",0,1,1,NA,"DE646N3"
"665","2019","PI","D","D35","D35_2019-07-04","U21272",0,0,0,NA,"DE646N3"
"666","2019","CU","D","D35","D35_2019-07-04","U21301",0,0,0,NA,"DE646N3"
"667","2019","CU","D","D35","D35_2019-07-04","U21302",0,0,0,NA,"DE646N3"
"668","2019","CU","D","D35","D35_2019-07-04","U21303",0,0,0,NA,"DE646N3"
"669","2019","CU","D","D35","D35_2019-07-04","U21304",0,0,0,NA,"DE646N3"
"670","2019","CU","D","D35","D35_2019-07-04","U21305",1,0,1,NA,"DE646N3"
"671","2019","CU","D","D35","D35_2019-07-04","U21306",0,0,0,NA,"DE646N3"
"672","2019","CU","D","D35","D35_2019-07-04","U21307",0,0,0,NA,"DE646N3"
"673","2019","CU","D","D35","D35_2019-07-04","U21308",1,0,1,NA,"DE646N3"
"674","2019","CU","D","D35","D35_2019-07-04","U21309",2,0,2,NA,"DE646N3"
"675","2019","CU","D","D35","D35_2019-07-04","U21310",0,0,0,NA,"DE646N3"
"676","2019","SO","D","D35","D35_2019-07-04","U21311",1,0,1,NA,"DE646N3"
"677","2019","SO","D","D35","D35_2019-07-04","U21312",0,0,0,NA,"DE646N3"
"678","2019","SO","D","D35","D35_2019-07-04","U21313",0,0,0,NA,"DE646N3"
"679","2019","SO","D","D35","D35_2019-07-04","U21314",0,0,0,NA,"DE646N3"
"680","2019","SO","D","D35","D35_2019-07-04","U21315",0,0,0,NA,"DE646N3"
"681","2019","PI","D","D09","D09_2019-07-08","U21331",1,1,2,NA,"DE647N3"
"682","2019","PI","D","D09","D09_2019-07-08","U21332",1,0,1,NA,"DE647N3"
"683","2019","PI","D","D09","D09_2019-07-08","U21333",0,0,0,NA,"DE647N3"
"684","2019","PI","D","D09","D09_2019-07-08","U21334",0,0,0,NA,"DE647N3"
"685","2019","PI","D","D09","D09_2019-07-08","U21335",1,4,5,NA,"DE647N3"
"686","2019","PI","D","D09","D09_2019-07-08","U21336",3,0,3,NA,"DE647N3"
"687","2019","PI","D","D09","D09_2019-07-08","U21337",3,0,3,NA,"DE647N3"
"688","2019","PI","D","D09","D09_2019-07-08","U21338",0,0,0,NA,"DE647N3"
"689","2019","PI","D","D09","D09_2019-07-08","U21339",3,0,3,NA,"DE647N3"
"690","2019","PI","D","D09","D09_2019-07-08","U21340",0,0,0,NA,"DE647N3"
"691","2019","CU","D","D09","D09_2019-07-08","U21341",1,1,2,NA,"DE647N3"
"692","2019","CU","D","D09","D09_2019-07-08","U21342",4,0,4,NA,"DE647N3"
"693","2019","CU","D","D09","D09_2019-07-08","U21343",6,0,6,NA,"DE647N3"
"694","2019","CU","D","D09","D09_2019-07-08","U21344",1,0,1,NA,"DE647N3"
"695","2019","CU","D","D09","D09_2019-07-08","U21345",2,0,2,NA,"DE647N3"
"696","2019","CU","D","D09","D09_2019-07-08","U21346",8,0,8,NA,"DE647N3"
"697","2019","CU","D","D09","D09_2019-07-08","U21347",2,0,2,NA,"DE647N3"
"698","2019","CU","D","D09","D09_2019-07-08","U21348",3,0,3,NA,"DE647N3"
"699","2019","CU","D","D09","D09_2019-07-08","U21349",6,0,6,NA,"DE647N3"
"700","2019","CU","D","D09","D09_2019-07-08","U21350",3,0,3,NA,"DE647N3"
"701","2019","SO","D","D09","D09_2019-07-08","U21361",4,0,4,NA,"DE647N3"
"702","2019","CU","D","D09","D09_2019-07-08","U21381",3,0,3,NA,"DE647N3"
"703","2019","CU","D","D27","D27_2019-07-09","U21391",5,0,5,NA,"DE648N1"
"704","2019","CU","D","D27","D27_2019-07-09","U21392",3,0,3,NA,"DE648N1"
"705","2019","CU","D","D27","D27_2019-07-09","U21393",0,0,0,NA,"DE648N1"
"706","2019","CU","D","D27","D27_2019-07-09","U21394",1,0,1,NA,"DE648N1"
"707","2019","CU","D","D27","D27_2019-07-09","U21395",7,0,7,NA,"DE648N1"
"708","2019","CU","D","D27","D27_2019-07-09","U21396",8,0,8,NA,"DE648N1"
"709","2019","CU","D","D27","D27_2019-07-09","U21397",2,0,2,NA,"DE648N1"
"710","2019","CU","D","D27","D27_2019-07-09","U21398",3,0,3,NA,"DE648N1"
"711","2019","CU","D","D27","D27_2019-07-09","U21399",1,0,1,NA,"DE648N1"
"712","2019","CU","D","D27","D27_2019-07-09","U21400",2,0,2,NA,"DE648N1"
"713","2019","PI","D","D27","D27_2019-07-09","U21401",2,0,2,NA,"DE648N1"
"714","2019","PI","D","D27","D27_2019-07-09","U21402",0,0,0,NA,"DE648N1"
"715","2019","PI","D","D27","D27_2019-07-09","U21403",4,0,4,NA,"DE648N1"
"716","2019","PI","D","D27","D27_2019-07-09","U21404",2,0,2,NA,"DE648N1"
"717","2019","PI","D","D27","D27_2019-07-09","U21405",2,0,2,NA,"DE648N1"
"718","2019","PI","D","D27","D27_2019-07-09","U21406",1,0,1,NA,"DE648N1"
"719","2019","PI","D","D27","D27_2019-07-09","U21407",0,0,0,NA,"DE648N1"
"720","2019","PI","D","D27","D27_2019-07-09","U21408",3,0,3,NA,"DE648N1"
"721","2019","PI","D","D27","D27_2019-07-09","U21409",0,0,0,NA,"DE648N1"
"722","2019","PI","D","D27","D27_2019-07-09","U21410",1,0,1,NA,"DE648N1"
"723","2019","PI","D","D35","D35_2019-07-11","U21421",0,0,0,NA,"DE651N1"
"724","2019","PI","D","D35","D35_2019-07-11","U21422",0,0,0,NA,"DE651N1"
"725","2019","PI","D","D35","D35_2019-07-11","U21423",0,0,0,NA,"DE651N1"
"726","2019","PI","D","D35","D35_2019-07-11","U21424",0,0,0,NA,"DE651N1"
"727","2019","PI","D","D35","D35_2019-07-11","U21425",0,0,0,NA,"DE651N1"
"728","2019","PI","D","D35","D35_2019-07-11","U21426",0,0,0,NA,"DE651N1"
"729","2019","PI","D","D35","D35_2019-07-11","U21427",0,0,0,NA,"DE651N1"
"730","2019","PI","D","D35","D35_2019-07-11","U21428",1,0,1,NA,"DE651N1"
"731","2019","PI","D","D35","D35_2019-07-11","U21429",0,0,0,NA,"DE651N1"
"732","2019","PI","D","D35","D35_2019-07-11","U21430",0,0,0,NA,"DE651N1"
"733","2019","CU","D","D35","D35_2019-07-11","U21431",0,1,1,NA,"DE651N1"
"734","2019","CU","D","D35","D35_2019-07-11","U21432",0,0,0,NA,"DE651N1"
"735","2019","CU","D","D35","D35_2019-07-11","U21433",0,2,2,NA,"DE651N1"
"736","2019","CU","D","D35","D35_2019-07-11","U21434",0,0,0,NA,"DE651N1"
"737","2019","CU","D","D35","D35_2019-07-11","U21435",1,0,1,NA,"DE651N1"
"738","2019","CU","D","D35","D35_2019-07-11","U21436",0,0,0,NA,"DE651N1"
"739","2019","CU","D","D35","D35_2019-07-11","U21437",0,0,0,NA,"DE651N1"
"740","2019","CU","D","D35","D35_2019-07-11","U21438",0,0,0,NA,"DE651N1"
"741","2019","CU","D","D35","D35_2019-07-11","U21439",0,0,0,NA,"DE651N1"
"742","2019","CU","D","D35","D35_2019-07-11","U21440",1,2,3,NA,"DE651N1"
"743","2019","SO","D","D35","D35_2019-07-11","U21441",1,0,1,NA,"DE651N1"
"744","2019","PI","D","D09","D09_2019-07-22","U21501",1,0,1,NA,"DE652N1"
"745","2019","PI","D","D09","D09_2019-07-22","U21502",3,0,3,NA,"DE652N1"
"746","2019","PI","D","D09","D09_2019-07-22","U21503",0,0,0,NA,"DE652N1"
"747","2019","PI","D","D09","D09_2019-07-22","U21504",5,0,5,NA,"DE652N1"
"748","2019","PI","D","D09","D09_2019-07-22","U21505",2,0,2,NA,"DE652N1"
"749","2019","PI","D","D09","D09_2019-07-22","U21506",1,0,1,NA,"DE652N1"
"750","2019","PI","D","D09","D09_2019-07-22","U21507",3,0,3,NA,"DE652N1"
"751","2019","PI","D","D09","D09_2019-07-22","U21508",2,0,2,NA,"DE652N1"
"752","2019","PI","D","D09","D09_2019-07-22","U21509",1,0,1,NA,"DE652N1"
"753","2019","PI","D","D09","D09_2019-07-22","U21510",4,0,4,NA,"DE652N1"
"754","2019","CU","D","D09","D09_2019-07-22","U21511",0,0,0,NA,"DE652N1"
"755","2019","CU","D","D09","D09_2019-07-22","U21512",3,0,3,NA,"DE652N1"
"756","2019","CU","D","D09","D09_2019-07-22","U21513",0,0,0,NA,"DE652N1"
"757","2019","CU","D","D09","D09_2019-07-22","U21514",1,0,1,NA,"DE652N1"
"758","2019","CU","D","D09","D09_2019-07-22","U21515",5,1,6,NA,"DE652N1"
"759","2019","CU","D","D09","D09_2019-07-22","U21516",1,0,1,NA,"DE652N1"
"760","2019","CU","D","D09","D09_2019-07-22","U21517",1,0,1,NA,"DE652N1"
"761","2019","CU","D","D09","D09_2019-07-22","U21518",1,0,1,NA,"DE652N1"
"762","2019","CU","D","D09","D09_2019-07-22","U21519",3,0,3,NA,"DE652N1"
"763","2019","CU","D","D09","D09_2019-07-22","U21520",2,0,2,NA,"DE652N1"
"764","2019","SO","D","D09","D09_2019-07-22","U21521",0,0,0,NA,"DE652N1"
"765","2019","SO","D","D09","D09_2019-07-22","U21522",0,0,0,NA,"DE652N1"
"766","2017","SO","J","J02","J02_2017-06-06","U15573",0,0,0,NA,"JE305N1"
"767","2017","SO","J","J02","J02_2017-06-06","U15574",1,0,1,NA,"JE305N1"
"768","2017","SO","J","J02","J02_2017-06-06","U15575",0,0,0,NA,"JE305N1"
"769","2017","SO","J","J02","J02_2017-06-06","U15576",0,0,0,NA,"JE305N1"
"770","2017","SO","J","J02","J02_2017-06-06","U15577",0,0,0,NA,"JE305N1"
"771","2017","SO","J","J02","J02_2017-06-06","U15578",0,0,0,NA,"JE305N1"
"772","2017","SO","J","J02","J02_2017-06-06","U15579",0,0,0,NA,"JE305N1"
"773","2017","SO","J","J02","J02_2017-06-06","U15580",3,0,3,NA,"JE305N1"
"774","2017","SO","J","J02","J02_2017-06-06","U15581",1,0,1,NA,"JE305N1"
"775","2017","SO","J","J02","J02_2017-06-06","U15582",0,0,0,NA,"JE305N1"
"776","2017","CU","J","J02","J02_2017-06-06","U15583",1,0,1,NA,"JE305N1"
"777","2017","CU","J","J02","J02_2017-06-06","U15584",0,0,0,NA,"JE305N1"
"778","2017","CU","J","J02","J02_2017-06-06","U15585",0,0,0,NA,"JE305N1"
"779","2017","CU","J","J02","J02_2017-06-06","U15586",0,0,0,NA,"JE305N1"
"780","2017","CU","J","J02","J02_2017-06-06","U15587",1,0,1,NA,"JE305N1"
"781","2017","CU","J","J02","J02_2017-06-06","U15588",1,0,1,NA,"JE305N1"
"782","2017","CU","J","J09","J09_2017-06-13","U15609",0,0,0,NA,"JE306N2"
"783","2017","CU","J","J09","J09_2017-06-13","U15610",1,0,1,NA,"JE306N2"
"784","2017","CU","J","J09","J09_2017-06-13","U15611",2,0,2,NA,"JE306N2"
"785","2017","CU","J","J09","J09_2017-06-13","U15612",0,0,0,NA,"JE306N2"
"786","2017","CU","J","J09","J09_2017-06-13","U15613",0,0,0,NA,"JE306N2"
"787","2017","CU","J","J09","J09_2017-06-13","U15614",0,0,0,NA,"JE306N2"
"788","2017","CU","J","J09","J09_2017-06-13","U15615",1,0,1,NA,"JE306N2"
"789","2017","CU","J","J09","J09_2017-06-13","U15616",0,0,0,NA,"JE306N2"
"790","2017","CU","J","J09","J09_2017-06-13","U15617",0,0,0,NA,"JE306N2"
"791","2017","PI","J","J09","J09_2017-06-13","U15618",0,0,0,NA,"JE306N2"
"792","2017","PI","J","J09","J09_2017-06-13","U15619",0,0,0,NA,"JE306N2"
"793","2017","SO","J","J09","J09_2017-06-13","U15620",1,0,1,NA,"JE306N2"
"794","2017","SO","J","J09","J09_2017-06-13","U15621",0,0,0,NA,"JE306N2"
"795","2017","SO","J","J09","J09_2017-06-13","U15622",1,0,1,NA,"JE306N2"
"796","2017","SO","J","J09","J09_2017-06-13","U15623",0,0,0,NA,"JE306N2"
"797","2017","SO","J","J09","J09_2017-06-13","U15624",0,0,0,NA,"JE306N2"
"798","2017","SO","J","J09","J09_2017-06-13","U15625",0,0,0,NA,"JE306N2"
"799","2017","SO","J","J09","J09_2017-06-13","U15626",1,0,1,NA,"JE306N2"
"800","2017","SO","J","J09","J09_2017-06-13","U15627",1,0,1,NA,"JE306N2"
"801","2017","SO","J","J09","J09_2017-06-13","U15628",1,0,1,NA,"JE306N2"
"802","2017","SO","J","J09","J09_2017-06-13","U15629",0,0,0,NA,"JE306N2"
"803","2017","CU","J","J03","J03_2017-06-14","U15630",0,0,0,NA,"JE307N1"
"804","2017","CU","J","J03","J03_2017-06-14","U15631",0,0,0,NA,"JE307N1"
"805","2017","CU","J","J03","J03_2017-06-14","U15632",1,0,1,NA,"JE307N1"
"806","2017","CU","J","J03","J03_2017-06-14","U15633",0,0,0,NA,"JE307N1"
"807","2017","CU","J","J03","J03_2017-06-14","U15634",0,0,0,NA,"JE307N1"
"808","2017","CU","J","J03","J03_2017-06-14","U15635",0,0,0,NA,"JE307N1"
"809","2017","CU","J","J03","J03_2017-06-14","U15636",0,0,0,NA,"JE307N1"
"810","2017","CU","J","J03","J03_2017-06-14","U15637",0,0,0,NA,"JE307N1"
"811","2017","CU","J","J03","J03_2017-06-14","U15638",1,0,1,NA,"JE307N1"
"812","2017","CU","J","J03","J03_2017-06-14","U15639",0,0,0,NA,"JE307N1"
"813","2017","SO","J","J02","J02_2017-06-20","U15680",0,0,0,NA,"JE308N2"
"814","2017","SO","J","J02","J02_2017-06-20","U15681",0,0,0,NA,"JE308N2"
"815","2017","SO","J","J02","J02_2017-06-20","U15682",0,0,0,NA,"JE308N2"
"816","2017","SO","J","J02","J02_2017-06-20","U15683",0,0,0,NA,"JE308N2"
"817","2017","SO","J","J02","J02_2017-06-20","U15684",0,0,0,NA,"JE308N2"
"818","2017","SO","J","J02","J02_2017-06-20","U15685",0,0,0,NA,"JE308N2"
"819","2017","SO","J","J02","J02_2017-06-20","U15686",0,0,0,NA,"JE308N2"
"820","2017","SO","J","J02","J02_2017-06-20","U15687",0,0,0,NA,"JE308N2"
"821","2017","SO","J","J02","J02_2017-06-20","U15688",0,0,0,NA,"JE308N2"
"822","2017","SO","J","J02","J02_2017-06-20","U15689",0,0,0,NA,"JE308N2"
"823","2017","CU","J","J02","J02_2017-06-20","U15690",2,0,2,NA,"JE308N2"
"824","2017","CU","J","J02","J02_2017-06-20","U15691",0,0,0,NA,"JE308N2"
"825","2017","CU","J","J02","J02_2017-06-20","U15692",0,0,0,NA,"JE308N2"
"826","2017","CU","J","J02","J02_2017-06-20","U15693",2,0,2,NA,"JE308N2"
"827","2017","CU","J","J02","J02_2017-06-20","U15694",0,0,0,NA,"JE308N2"
"828","2017","CU","J","J02","J02_2017-06-20","U15695",0,0,0,NA,"JE308N2"
"829","2017","CU","J","J02","J02_2017-06-20","U15696",0,0,0,NA,"JE308N2"
"830","2017","CU","J","J02","J02_2017-06-20","U15697",0,0,0,NA,"JE308N2"
"831","2017","CU","J","J02","J02_2017-06-20","U15698",1,0,1,NA,"JE308N2"
"832","2017","CU","J","J02","J02_2017-06-20","U15699",0,0,0,NA,"JE308N2"
"833","2017","SO","J","J09","J09_2017-06-21","U15700",1,0,1,NA,"JE309N2"
"834","2017","SO","J","J09","J09_2017-06-21","U15701",1,0,1,NA,"JE309N2"
"835","2017","SO","J","J09","J09_2017-06-21","U15702",0,0,0,NA,"JE309N2"
"836","2017","SO","J","J09","J09_2017-06-21","U15703",0,0,0,NA,"JE309N2"
"837","2017","SO","J","J09","J09_2017-06-21","U15704",0,0,0,NA,"JE309N2"
"838","2017","SO","J","J09","J09_2017-06-21","U15705",1,0,1,NA,"JE309N2"
"839","2017","SO","J","J09","J09_2017-06-21","U15706",1,0,1,NA,"JE309N2"
"840","2017","SO","J","J09","J09_2017-06-21","U15707",0,0,0,NA,"JE309N2"
"841","2017","SO","J","J09","J09_2017-06-21","U15708",0,0,0,NA,"JE309N2"
"842","2017","SO","J","J09","J09_2017-06-21","U15709",0,0,0,NA,"JE309N2"
"843","2017","CU","J","J09","J09_2017-06-21","U15710",0,0,0,NA,"JE309N2"
"844","2017","CU","J","J09","J09_2017-06-21","U15711",1,0,1,NA,"JE309N2"
"845","2017","CU","J","J09","J09_2017-06-21","U15712",0,0,0,NA,"JE309N2"
"846","2017","CU","J","J09","J09_2017-06-21","U15713",0,0,0,NA,"JE309N2"
"847","2017","CU","J","J09","J09_2017-06-21","U15714",1,0,1,NA,"JE309N2"
"848","2017","CU","J","J09","J09_2017-06-21","U15715",0,0,0,NA,"JE309N2"
"849","2017","CU","J","J09","J09_2017-06-21","U15716",1,0,1,NA,"JE309N2"
"850","2017","CU","J","J09","J09_2017-06-21","U15717",1,0,1,NA,"JE309N2"
"851","2017","CU","J","J09","J09_2017-06-21","U15718",0,0,0,NA,"JE309N2"
"852","2017","CU","J","J09","J09_2017-06-21","U15719",0,0,0,NA,"JE309N2"
"853","2017","SO","J","J09","J09_2017-06-27","U12881",1,0,1,NA,"JE310N1"
"854","2017","SO","J","J09","J09_2017-06-27","U12882",3,0,3,NA,"JE310N1"
"855","2017","SO","J","J09","J09_2017-06-27","U12883",0,0,0,NA,"JE310N1"
"856","2017","SO","J","J09","J09_2017-06-27","U12884",0,0,0,NA,"JE310N1"
"857","2017","SO","J","J09","J09_2017-06-27","U12885",0,0,0,NA,"JE310N1"
"858","2017","SO","J","J09","J09_2017-06-27","U12886",0,0,0,NA,"JE310N1"
"859","2017","SO","J","J09","J09_2017-06-27","U12887",0,0,0,NA,"JE310N1"
"860","2017","SO","J","J09","J09_2017-06-27","U12888",0,0,0,NA,"JE310N1"
"861","2017","SO","J","J09","J09_2017-06-27","U12889",0,0,0,NA,"JE310N1"
"862","2017","SO","J","J09","J09_2017-06-27","U12890",0,0,0,NA,"JE310N1"
"863","2017","SO","J","J09","J09_2017-06-27","U15732",0,0,0,NA,"JE310N2"
"864","2017","SO","J","J09","J09_2017-06-27","U15733",1,2,3,NA,"JE310N2"
"865","2017","SO","J","J09","J09_2017-06-27","U15734",0,0,0,NA,"JE310N2"
"866","2017","SO","J","J09","J09_2017-06-27","U15735",2,0,2,NA,"JE310N2"
"867","2017","SO","J","J09","J09_2017-06-27","U15736",0,0,0,NA,"JE310N2"
"868","2017","SO","J","J09","J09_2017-06-27","U15737",2,0,2,NA,"JE310N2"
"869","2017","SO","J","J09","J09_2017-06-27","U15738",0,0,0,NA,"JE310N2"
"870","2017","SO","J","J09","J09_2017-06-27","U15739",2,0,2,NA,"JE310N2"
"871","2017","SO","J","J09","J09_2017-06-27","U15740",0,0,0,NA,"JE310N2"
"872","2017","CU","J","J09","J09_2017-06-27","U15741",1,0,1,NA,"JE310N2"
"873","2017","SO","J","J09","J09_2017-06-27","U15742",0,0,0,NA,"JE310N2"
"874","2017","CU","J","J09","J09_2017-06-27","U15743",2,0,2,NA,"JE310N2"
"875","2017","CU","J","J09","J09_2017-06-27","U15744",0,0,0,NA,"JE310N2"
"876","2017","CU","J","J09","J09_2017-06-27","U15745",0,0,0,NA,"JE310N2"
"877","2017","CU","J","J09","J09_2017-06-27","U15746",0,0,0,NA,"JE310N2"
"878","2017","CU","J","J09","J09_2017-06-27","U15747",2,0,2,NA,"JE310N2"
"879","2017","CU","J","J09","J09_2017-06-27","U15748",0,0,0,NA,"JE310N2"
"880","2017","CU","J","J09","J09_2017-06-27","U15749",2,0,2,NA,"JE310N2"
"881","2017","CU","J","J09","J09_2017-06-27","U15750",0,0,0,NA,"JE310N2"
"882","2017","CU","J","J09","J09_2017-06-27","U15751",0,0,0,NA,"JE310N2"
"883","2017","PI","J","J09","J09_2017-06-27","U15752",0,0,0,NA,"JE310N2"
"884","2017","PI","J","J09","J09_2017-06-27","U15753",0,0,0,NA,"JE310N2"
"885","2017","PI","J","J09","J09_2017-06-27","U15754",0,0,0,NA,"JE310N2"
"886","2017","PI","J","J09","J09_2017-06-27","U15755",1,0,1,NA,"JE310N2"
"887","2017","PI","J","J09","J09_2017-06-27","U15756",0,0,0,NA,"JE310N2"
"888","2017","PI","J","J09","J09_2017-06-27","U15757",1,0,1,NA,"JE310N2"
"889","2017","PI","J","J09","J09_2017-06-27","U15758",2,0,2,NA,"JE310N2"
"890","2017","PI","J","J09","J09_2017-06-27","U15759",1,0,1,NA,"JE310N2"
"891","2017","PI","J","J09","J09_2017-06-27","U15760",0,0,0,NA,"JE310N2"
"892","2017","PI","J","J09","J09_2017-06-27","U15761",2,0,2,NA,"JE310N2"
"893","2017","CU","J","J02","J02_2017-06-28","U15762",0,0,0,NA,"JE311N5"
"894","2017","CU","J","J02","J02_2017-06-28","U15763",0,0,0,NA,"JE311N5"
"895","2017","CU","J","J02","J02_2017-06-28","U15764",0,0,0,NA,"JE311N5"
"896","2017","CU","J","J02","J02_2017-06-28","U15765",1,0,1,NA,"JE311N5"
"897","2017","CU","J","J02","J02_2017-06-28","U15766",0,0,0,NA,"JE311N5"
"898","2017","CU","J","J02","J02_2017-06-28","U15767",0,0,0,NA,"JE311N5"
"899","2017","CU","J","J02","J02_2017-06-28","U15768",0,0,0,NA,"JE311N5"
"900","2017","CU","J","J02","J02_2017-06-28","U15769",1,0,1,NA,"JE311N5"
"901","2017","CU","J","J02","J02_2017-06-28","U15770",0,0,0,NA,"JE311N5"
"902","2017","CU","J","J02","J02_2017-06-28","U15771",0,0,0,NA,"JE311N5"
"903","2017","PI","J","J02","J02_2017-06-28","U15772",0,0,0,NA,"JE311N5"
"904","2017","PI","J","J02","J02_2017-06-28","U15773",0,1,1,NA,"JE311N5"
"905","2017","PI","J","J02","J02_2017-06-28","U15774",1,0,1,NA,"JE311N5"
"906","2017","PI","J","J02","J02_2017-06-28","U15775",1,1,2,NA,"JE311N5"
"907","2017","PI","J","J02","J02_2017-07-07","U15796",1,0,1,NA,"JE313N1"
"908","2017","CU","J","J02","J02_2017-07-07","U15797",0,0,0,NA,"JE313N1"
"909","2017","CU","J","J02","J02_2017-07-07","U15798",2,0,2,NA,"JE313N1"
"910","2017","CU","J","J02","J02_2017-07-07","U15799",1,0,1,NA,"JE313N1"
"911","2017","CU","J","J02","J02_2017-07-07","U15800",1,0,1,NA,"JE313N1"
"912","2017","CU","J","J02","J02_2017-07-07","U15801",1,0,1,NA,"JE313N1"
"913","2017","CU","J","J02","J02_2017-07-07","U15802",1,0,1,NA,"JE313N1"
"914","2017","CU","J","J02","J02_2017-07-07","U15803",0,0,0,NA,"JE313N1"
"915","2017","CU","J","J02","J02_2017-07-07","U15804",0,0,0,NA,"JE313N1"
"916","2017","CU","J","J02","J02_2017-07-07","U15805",1,0,1,NA,"JE313N1"
"917","2017","CU","J","J02","J02_2017-07-07","U15806",0,0,0,NA,"JE313N1"
"918","2017","CU","J","J09","J09_2017-07-06","U15776",1,0,1,NA,"JE314N2"
"919","2017","CU","J","J09","J09_2017-07-06","U15777",0,0,0,NA,"JE314N2"
"920","2017","CU","J","J09","J09_2017-07-06","U15778",1,0,1,NA,"JE314N2"
"921","2017","CU","J","J09","J09_2017-07-06","U15779",1,0,1,NA,"JE314N2"
"922","2017","CU","J","J09","J09_2017-07-06","U15780",1,0,1,NA,"JE314N2"
"923","2017","CU","J","J09","J09_2017-07-06","U15781",1,0,1,NA,"JE314N2"
"924","2017","CU","J","J09","J09_2017-07-06","U15782",0,0,0,NA,"JE314N2"
"925","2017","CU","J","J09","J09_2017-07-06","U15783",0,0,0,NA,"JE314N2"
"926","2017","CU","J","J09","J09_2017-07-06","U15784",1,0,1,NA,"JE314N2"
"927","2017","CU","J","J09","J09_2017-07-06","U15785",2,0,2,NA,"JE314N2"
"928","2017","PI","J","J09","J09_2017-07-06","U15786",1,0,1,NA,"JE314N2"
"929","2017","PI","J","J09","J09_2017-07-06","U15787",0,0,0,NA,"JE314N2"
"930","2017","PI","J","J09","J09_2017-07-06","U15788",0,0,0,NA,"JE314N2"
"931","2017","PI","J","J09","J09_2017-07-06","U15789",0,0,0,NA,"JE314N2"
"932","2017","PI","J","J09","J09_2017-07-06","U15790",1,0,1,NA,"JE314N2"
"933","2017","PI","J","J09","J09_2017-07-06","U15791",0,0,0,NA,"JE314N2"
"934","2017","PI","J","J09","J09_2017-07-06","U15792",2,0,2,NA,"JE314N2"
"935","2017","PI","J","J09","J09_2017-07-06","U15793",5,0,5,NA,"JE314N2"
"936","2017","PI","J","J09","J09_2017-07-06","U15794",2,0,2,NA,"JE314N2"
"937","2017","PI","J","J09","J09_2017-07-06","U15795",0,0,0,NA,"JE314N2"
"938","2019","SO","J","J11","J11_2019-05-26","U21801",0,0,0,NA,"JE506N1"
"939","2019","SO","J","J11","J11_2019-05-26","U21802",0,0,0,NA,"JE506N1"
"940","2019","SO","J","J11","J11_2019-05-26","U21803",0,0,0,NA,"JE506N1"
"941","2019","SO","J","J11","J11_2019-05-26","U21804",0,0,0,NA,"JE506N1"
"942","2019","SO","J","J11","J11_2019-05-26","U21805",0,0,0,NA,"JE506N1"
"943","2019","SO","J","J11","J11_2019-05-26","U21806",0,0,0,NA,"JE506N1"
"944","2019","SO","J","J11","J11_2019-05-26","U21807",0,0,0,NA,"JE506N1"
"945","2019","SO","J","J11","J11_2019-05-26","U21808",1,0,1,NA,"JE506N1"
"946","2019","SO","J","J11","J11_2019-05-26","U21809",1,0,1,NA,"JE506N1"
"947","2019","SO","J","J11","J11_2019-05-26","U21810",0,0,0,NA,"JE506N1"
"948","2019","CU","J","J11","J11_2019-05-26","U21811",0,0,0,NA,"JE506N1"
"949","2019","CU","J","J11","J11_2019-05-26","U21812",1,0,1,NA,"JE506N1"
"950","2019","CU","J","J11","J11_2019-05-26","U21813",0,0,0,NA,"JE506N1"
"951","2019","CU","J","J11","J11_2019-05-26","U21814",1,0,1,NA,"JE506N1"
"952","2019","CU","J","J11","J11_2019-05-26","U21815",0,0,0,NA,"JE506N1"
"953","2019","CU","J","J11","J11_2019-05-26","U21816",0,0,0,NA,"JE506N1"
"954","2019","CU","J","J11","J11_2019-05-26","U21817",0,0,0,NA,"JE506N1"
"955","2019","CU","J","J11","J11_2019-05-26","U21818",0,0,0,NA,"JE506N1"
"956","2019","CU","J","J11","J11_2019-05-26","U21819",0,0,0,NA,"JE506N1"
"957","2019","CU","J","J11","J11_2019-05-26","U21820",0,0,0,NA,"JE506N1"
"958","2019","SO","J","J02","J02_2019-05-29","U21831",1,0,1,NA,"JE508N1"
"959","2019","SO","J","J02","J02_2019-05-29","U21832",0,0,0,NA,"JE508N1"
"960","2019","SO","J","J02","J02_2019-05-29","U21833",0,0,0,NA,"JE508N1"
"961","2019","SO","J","J02","J02_2019-05-29","U21834",0,0,0,NA,"JE508N1"
"962","2019","SO","J","J02","J02_2019-05-29","U21835",0,0,0,NA,"JE508N1"
"963","2019","SO","J","J02","J02_2019-05-29","U21836",0,0,0,NA,"JE508N1"
"964","2019","SO","J","J02","J02_2019-05-29","U21837",0,0,0,NA,"JE508N1"
"965","2019","SO","J","J02","J02_2019-05-29","U21838",1,0,1,NA,"JE508N1"
"966","2019","SO","J","J02","J02_2019-05-29","U21839",0,0,0,NA,"JE508N1"
"967","2019","SO","J","J02","J02_2019-05-29","U21840",3,0,3,NA,"JE508N1"
"968","2019","CU","J","J02","J02_2019-05-29","U21841",0,0,0,NA,"JE508N1"
"969","2019","CU","J","J02","J02_2019-05-29","U21842",1,0,1,NA,"JE508N1"
"970","2019","CU","J","J02","J02_2019-05-29","U21843",1,0,1,NA,"JE508N1"
"971","2019","CU","J","J02","J02_2019-05-29","U21844",0,0,0,NA,"JE508N1"
"972","2019","CU","J","J02","J02_2019-05-29","U21845",0,0,0,NA,"JE508N1"
"973","2019","SO","J","J11","J11_2019-05-30","U21821",0,0,0,NA,"JE509N2"
"974","2019","SO","J","J11","J11_2019-05-30","U21822",0,0,0,NA,"JE509N2"
"975","2019","SO","J","J11","J11_2019-05-30","U21823",1,0,1,NA,"JE509N2"
"976","2019","SO","J","J11","J11_2019-05-30","U21824",0,0,0,NA,"JE509N2"
"977","2019","SO","J","J11","J11_2019-05-30","U21825",0,0,0,NA,"JE509N2"
"978","2019","SO","J","J11","J11_2019-05-30","U21826",0,0,0,NA,"JE509N2"
"979","2019","SO","J","J11","J11_2019-05-30","U21827",0,0,0,NA,"JE509N2"
"980","2019","SO","J","J11","J11_2019-05-30","U21828",1,0,1,NA,"JE509N2"
"981","2019","SO","J","J11","J11_2019-05-30","U21829",0,0,0,NA,"JE509N2"
"982","2019","SO","J","J11","J11_2019-05-30","U21830",0,0,0,NA,"JE509N2"
"983","2019","CU","J","J11","J11_2019-05-30","U21881",0,0,0,NA,"JE509N2"
"984","2019","CU","J","J11","J11_2019-05-30","U21882",0,0,0,NA,"JE509N2"
"985","2019","SO","J","J03","J03_2019-05-31","U21991",0,0,0,NA,"JE510N3"
"986","2019","SO","J","J03","J03_2019-05-31","U21992",2,0,2,NA,"JE510N3"
"987","2019","SO","J","J03","J03_2019-05-31","U21993",0,0,0,NA,"JE510N3"
"988","2019","SO","J","J03","J03_2019-05-31","U21994",0,0,0,NA,"JE510N3"
"989","2019","SO","J","J03","J03_2019-05-31","U21995",1,0,1,NA,"JE510N3"
"990","2019","SO","J","J03","J03_2019-05-31","U21996",0,0,0,NA,"JE510N3"
"991","2019","SO","J","J03","J03_2019-05-31","U21997",0,0,0,NA,"JE510N3"
"992","2019","SO","J","J03","J03_2019-05-31","U21998",0,0,0,NA,"JE510N3"
"993","2019","SO","J","J03","J03_2019-05-31","U21999",0,0,0,NA,"JE510N3"
"994","2019","SO","J","J03","J03_2019-05-31","U22000",0,0,0,NA,"JE510N3"
"995","2019","CU","J","J03","J03_2019-05-31","U22001",1,0,1,NA,"JE510N3"
"996","2019","CU","J","J03","J03_2019-05-31","U22002",0,0,0,NA,"JE510N3"
"997","2019","CU","J","J03","J03_2019-05-31","U22003",0,0,0,NA,"JE510N3"
"998","2019","CU","J","J03","J03_2019-05-31","U22004",0,0,0,NA,"JE510N3"
"999","2019","CU","J","J03","J03_2019-05-31","U22005",0,0,0,NA,"JE510N3"
"1000","2019","CU","J","J03","J03_2019-05-31","U22006",0,0,0,NA,"JE510N3"
"1001","2019","CU","J","J03","J03_2019-05-31","U22007",0,0,0,NA,"JE510N3"
"1002","2019","CU","J","J03","J03_2019-05-31","U22008",0,1,1,NA,"JE510N3"
"1003","2019","CU","J","J03","J03_2019-05-31","U22009",1,0,1,NA,"JE510N3"
"1004","2019","CU","J","J03","J03_2019-05-31","U22010",0,0,0,NA,"JE510N3"
"1005","2019","SO","J","J11","J11_2019-06-05","U22011",1,0,1,NA,"JE511N1"
"1006","2019","SO","J","J11","J11_2019-06-05","U22012",1,0,1,NA,"JE511N1"
"1007","2019","SO","J","J11","J11_2019-06-05","U22013",0,0,0,NA,"JE511N1"
"1008","2019","SO","J","J11","J11_2019-06-05","U22014",0,0,0,NA,"JE511N1"
"1009","2019","SO","J","J11","J11_2019-06-05","U22015",1,0,1,NA,"JE511N1"
"1010","2019","SO","J","J11","J11_2019-06-05","U22016",0,0,0,NA,"JE511N1"
"1011","2019","SO","J","J11","J11_2019-06-05","U22017",1,0,1,NA,"JE511N1"
"1012","2019","SO","J","J11","J11_2019-06-05","U22018",0,0,0,NA,"JE511N1"
"1013","2019","SO","J","J11","J11_2019-06-05","U22019",0,0,0,NA,"JE511N1"
"1014","2019","SO","J","J11","J11_2019-06-05","U22020",0,0,0,NA,"JE511N1"
"1015","2019","CU","J","J11","J11_2019-06-06","U22021",0,0,0,NA,"JE514N1"
"1016","2019","CU","J","J11","J11_2019-06-06","U22022",2,0,2,NA,"JE514N1"
"1017","2019","SO","J","J11","J11_2019-06-06","U22031",1,0,1,NA,"JE514N1"
"1018","2019","SO","J","J11","J11_2019-06-06","U22032",0,0,0,NA,"JE514N1"
"1019","2019","SO","J","J11","J11_2019-06-06","U22033",0,0,0,NA,"JE514N1"
"1020","2019","SO","J","J11","J11_2019-06-06","U22034",0,0,0,NA,"JE514N1"
"1021","2019","SO","J","J11","J11_2019-06-06","U22035",0,0,0,NA,"JE514N1"
"1022","2019","SO","J","J11","J11_2019-06-06","U22036",1,0,1,NA,"JE514N1"
"1023","2019","SO","J","J11","J11_2019-06-06","U22037",0,0,0,NA,"JE514N1"
"1024","2019","SO","J","J11","J11_2019-06-06","U22038",0,0,0,NA,"JE514N1"
"1025","2019","SO","J","J11","J11_2019-06-06","U22039",1,0,1,NA,"JE514N1"
"1026","2019","SO","J","J11","J11_2019-06-06","U22040",2,0,2,NA,"JE514N1"
"1027","2019","CU","J","J02","J02_2019-06-06","U21921",0,1,1,NA,"JE515N1"
"1028","2019","CU","J","J02","J02_2019-06-06","U21922",0,0,0,NA,"JE515N1"
"1029","2019","CU","J","J02","J02_2019-06-06","U21923",0,0,0,NA,"JE515N1"
"1030","2019","CU","J","J02","J02_2019-06-06","U21924",0,0,0,NA,"JE515N1"
"1031","2019","CU","J","J02","J02_2019-06-06","U21925",0,0,0,NA,"JE515N1"
"1032","2019","CU","J","J02","J02_2019-06-06","U21926",0,0,0,NA,"JE515N1"
"1033","2019","CU","J","J02","J02_2019-06-06","U21927",0,0,0,NA,"JE515N1"
"1034","2019","CU","J","J02","J02_2019-06-06","U21928",1,0,1,NA,"JE515N1"
"1035","2019","SO","J","J02","J02_2019-06-06","U22061",1,0,1,NA,"JE515N1"
"1036","2019","SO","J","J02","J02_2019-06-06","U22062",1,0,1,NA,"JE515N1"
"1037","2019","SO","J","J02","J02_2019-06-06","U22063",0,0,0,NA,"JE515N1"
"1038","2019","SO","J","J02","J02_2019-06-06","U22064",0,0,0,NA,"JE515N1"
"1039","2019","SO","J","J02","J02_2019-06-06","U22065",2,0,2,NA,"JE515N1"
"1040","2019","SO","J","J02","J02_2019-06-06","U22066",0,0,0,NA,"JE515N1"
"1041","2019","SO","J","J02","J02_2019-06-06","U22067",0,0,0,NA,"JE515N1"
"1042","2019","SO","J","J03","J03_2019-06-09","U22201",1,0,1,NA,"JE516N1"
"1043","2019","SO","J","J03","J03_2019-06-09","U22202",1,1,2,NA,"JE516N1"
"1044","2019","SO","J","J03","J03_2019-06-09","U22203",3,0,3,NA,"JE516N1"
"1045","2019","SO","J","J03","J03_2019-06-09","U22204",0,0,0,NA,"JE516N1"
"1046","2019","SO","J","J03","J03_2019-06-09","U22205",0,0,0,NA,"JE516N1"
"1047","2019","SO","J","J03","J03_2019-06-09","U22206",1,0,1,NA,"JE516N1"
"1048","2019","SO","J","J03","J03_2019-06-09","U22207",1,0,1,NA,"JE516N1"
"1049","2019","SO","J","J03","J03_2019-06-09","U22208",0,0,0,NA,"JE516N1"
"1050","2019","SO","J","J03","J03_2019-06-09","U22209",0,0,0,NA,"JE516N1"
"1051","2019","SO","J","J03","J03_2019-06-09","U22210",0,0,0,NA,"JE516N1"
"1052","2019","CU","J","J03","J03_2019-06-09","U22211",1,0,1,NA,"JE516N1"
"1053","2019","CU","J","J03","J03_2019-06-09","U22212",0,0,0,NA,"JE516N1"
"1054","2019","CU","J","J03","J03_2019-06-09","U22213",0,0,0,NA,"JE516N1"
"1055","2019","CU","J","J03","J03_2019-06-09","U22214",2,0,2,NA,"JE516N1"
"1056","2019","CU","J","J03","J03_2019-06-09","U22215",1,0,1,NA,"JE516N1"
"1057","2019","CU","J","J03","J03_2019-06-09","U22216",0,0,0,NA,"JE516N1"
"1058","2019","CU","J","J03","J03_2019-06-09","U22217",0,0,0,NA,"JE516N1"
"1059","2019","CU","J","J03","J03_2019-06-09","U22218",0,0,0,NA,"JE516N1"
"1060","2019","CU","J","J03","J03_2019-06-09","U22219",0,0,0,NA,"JE516N1"
"1061","2019","CU","J","J03","J03_2019-06-09","U22220",0,0,0,NA,"JE516N1"
"1062","2019","SO","J","J11","J11_2019-06-10","U22071",0,0,0,NA,"JE517N1"
"1063","2019","SO","J","J11","J11_2019-06-10","U22072",0,0,0,NA,"JE517N1"
"1064","2019","SO","J","J11","J11_2019-06-10","U22073",0,0,0,NA,"JE517N1"
"1065","2019","SO","J","J11","J11_2019-06-10","U22074",0,0,0,NA,"JE517N1"
"1066","2019","SO","J","J11","J11_2019-06-10","U22075",0,0,0,NA,"JE517N1"
"1067","2019","SO","J","J11","J11_2019-06-10","U22076",0,0,0,NA,"JE517N1"
"1068","2019","SO","J","J11","J11_2019-06-10","U22077",0,0,0,NA,"JE517N1"
"1069","2019","SO","J","J11","J11_2019-06-10","U22078",0,0,0,NA,"JE517N1"
"1070","2019","SO","J","J11","J11_2019-06-10","U22079",0,0,0,NA,"JE517N1"
"1071","2019","SO","J","J11","J11_2019-06-10","U22080",0,0,0,NA,"JE517N1"
"1072","2019","CU","J","J11","J11_2019-06-10","U22081",1,0,1,NA,"JE517N1"
"1073","2019","CU","J","J11","J11_2019-06-10","U22082",1,0,1,NA,"JE517N1"
"1074","2019","CU","J","J11","J11_2019-06-10","U22083",1,0,1,NA,"JE517N1"
"1075","2019","CU","J","J11","J11_2019-06-10","U22084",1,0,1,NA,"JE517N1"
"1076","2019","CU","J","J11","J11_2019-06-10","U22085",1,0,1,NA,"JE517N1"
"1077","2019","CU","J","J11","J11_2019-06-10","U22086",0,0,0,NA,"JE517N1"
"1078","2019","CU","J","J11","J11_2019-06-10","U22087",0,0,0,NA,"JE517N1"
"1079","2019","CU","J","J11","J11_2019-06-10","U22088",2,0,2,NA,"JE517N1"
"1080","2019","CU","J","J11","J11_2019-06-10","U22089",2,0,2,NA,"JE517N1"
"1081","2019","CU","J","J11","J11_2019-06-10","U22090",0,0,0,NA,"JE517N1"
"1082","2019","SO","J","J03","J03_2019-06-11","U22121",0,0,0,NA,"JE518N1"
"1083","2019","SO","J","J03","J03_2019-06-11","U22122",0,0,0,NA,"JE518N1"
"1084","2019","SO","J","J03","J03_2019-06-11","U22123",0,0,0,NA,"JE518N1"
"1085","2019","SO","J","J03","J03_2019-06-11","U22124",1,0,1,NA,"JE518N1"
"1086","2019","SO","J","J03","J03_2019-06-11","U22125",0,0,0,NA,"JE518N1"
"1087","2019","SO","J","J03","J03_2019-06-11","U22126",0,0,0,NA,"JE518N1"
"1088","2019","SO","J","J03","J03_2019-06-11","U22127",0,0,0,NA,"JE518N1"
"1089","2019","SO","J","J03","J03_2019-06-11","U22128",0,0,0,NA,"JE518N1"
"1090","2019","SO","J","J03","J03_2019-06-11","U22129",2,0,2,NA,"JE518N1"
"1091","2019","SO","J","J03","J03_2019-06-11","U22130",0,0,0,NA,"JE518N1"
"1092","2019","CU","J","J03","J03_2019-06-11","U22131",1,0,1,NA,"JE518N1"
"1093","2019","CU","J","J03","J03_2019-06-11","U22132",0,0,0,NA,"JE518N1"
"1094","2019","CU","J","J03","J03_2019-06-11","U22133",0,1,1,NA,"JE518N1"
"1095","2019","CU","J","J03","J03_2019-06-11","U22134",0,0,0,NA,"JE518N1"
"1096","2019","CU","J","J03","J03_2019-06-11","U22135",0,0,0,NA,"JE518N1"
"1097","2019","CU","J","J03","J03_2019-06-11","U22136",0,0,0,NA,"JE518N1"
"1098","2019","CU","J","J03","J03_2019-06-11","U22137",0,0,0,NA,"JE518N1"
"1099","2019","CU","J","J03","J03_2019-06-11","U22138",1,0,1,NA,"JE518N1"
"1100","2019","CU","J","J03","J03_2019-06-11","U22139",1,1,2,NA,"JE518N1"
"1101","2019","CU","J","J03","J03_2019-06-11","U22140",0,0,0,NA,"JE518N1"
"1102","2019","SO","J","J11","J11_2019-06-16","U22171",0,0,0,NA,"JE519N1"
"1103","2019","SO","J","J11","J11_2019-06-16","U22172",1,0,1,NA,"JE519N1"
"1104","2019","SO","J","J11","J11_2019-06-16","U22173",0,0,0,NA,"JE519N1"
"1105","2019","SO","J","J11","J11_2019-06-16","U22174",0,0,0,NA,"JE519N1"
"1106","2019","SO","J","J11","J11_2019-06-16","U22175",1,0,1,NA,"JE519N1"
"1107","2019","SO","J","J11","J11_2019-06-16","U22176",1,0,1,NA,"JE519N1"
"1108","2019","SO","J","J11","J11_2019-06-16","U22177",1,0,1,NA,"JE519N1"
"1109","2019","SO","J","J11","J11_2019-06-16","U22178",1,0,1,NA,"JE519N1"
"1110","2019","SO","J","J11","J11_2019-06-16","U22179",1,0,1,NA,"JE519N1"
"1111","2019","SO","J","J11","J11_2019-06-16","U22180",2,0,2,NA,"JE519N1"
"1112","2019","CU","J","J11","J11_2019-06-16","U22181",0,0,0,NA,"JE519N1"
"1113","2019","CU","J","J11","J11_2019-06-16","U22182",1,0,1,NA,"JE519N1"
"1114","2019","CU","J","J11","J11_2019-06-16","U22183",0,0,0,NA,"JE519N1"
"1115","2019","CU","J","J11","J11_2019-06-16","U22184",0,0,0,NA,"JE519N1"
"1116","2019","CU","J","J11","J11_2019-06-16","U22185",2,0,2,NA,"JE519N1"
"1117","2019","CU","J","J11","J11_2019-06-16","U22186",0,0,0,NA,"JE519N1"
"1118","2019","CU","J","J11","J11_2019-06-16","U22187",1,0,1,NA,"JE519N1"
"1119","2019","CU","J","J11","J11_2019-06-16","U22188",0,0,0,NA,"JE519N1"
"1120","2019","CU","J","J11","J11_2019-06-16","U22189",0,1,1,NA,"JE519N1"
"1121","2019","CU","J","J11","J11_2019-06-16","U22190",1,0,1,NA,"JE519N1"
"1122","2019","PI","J","J11","J11_2019-06-16","U22281",3,1,4,NA,"JE519N1"
"1123","2019","PI","J","J11","J11_2019-06-16","U22282",2,0,2,NA,"JE519N1"
"1124","2019","PI","J","J11","J11_2019-06-16","U22283",0,0,0,NA,"JE519N1"
"1125","2019","PI","J","J11","J11_2019-06-16","U22284",2,0,2,NA,"JE519N1"
"1126","2019","PI","J","J11","J11_2019-06-16","U22285",2,3,5,NA,"JE519N1"
"1127","2019","PI","J","J11","J11_2019-06-16","U22286",0,0,0,NA,"JE519N1"
"1128","2019","PI","J","J11","J11_2019-06-16","U22287",2,2,4,NA,"JE519N1"
"1129","2019","PI","J","J11","J11_2019-06-16","U22288",0,0,0,NA,"JE519N1"
"1130","2019","PI","J","J11","J11_2019-06-16","U22289",1,0,1,NA,"JE519N1"
"1131","2019","PI","J","J11","J11_2019-06-16","U22290",1,1,2,NA,"JE519N1"
"1132","2019","SO","J","J11","J11_2019-06-24","U22291",1,0,1,NA,"JE522N2"
"1133","2019","SO","J","J11","J11_2019-06-24","U22292",0,0,0,NA,"JE522N2"
"1134","2019","SO","J","J11","J11_2019-06-24","U22293",3,1,4,NA,"JE522N2"
"1135","2019","SO","J","J11","J11_2019-06-24","U22294",0,0,0,NA,"JE522N2"
"1136","2019","SO","J","J11","J11_2019-06-24","U22295",1,0,1,NA,"JE522N2"
"1137","2019","SO","J","J11","J11_2019-06-24","U22296",4,0,4,NA,"JE522N2"
"1138","2019","SO","J","J11","J11_2019-06-24","U22297",1,0,1,NA,"JE522N2"
"1139","2019","SO","J","J11","J11_2019-06-24","U22298",0,0,0,NA,"JE522N2"
"1140","2019","SO","J","J11","J11_2019-06-24","U22299",0,0,0,NA,"JE522N2"
"1141","2019","SO","J","J11","J11_2019-06-24","U22300",2,0,2,NA,"JE522N2"
"1142","2019","PI","J","J11","J11_2019-06-24","U22301",1,0,1,NA,"JE522N2"
"1143","2019","PI","J","J11","J11_2019-06-24","U22302",0,0,0,NA,"JE522N2"
"1144","2019","PI","J","J11","J11_2019-06-24","U22303",0,0,0,NA,"JE522N2"
"1145","2019","PI","J","J11","J11_2019-06-24","U22304",3,0,3,NA,"JE522N2"
"1146","2019","PI","J","J11","J11_2019-06-24","U22305",3,0,3,NA,"JE522N2"
"1147","2019","PI","J","J11","J11_2019-06-24","U22306",1,0,1,NA,"JE522N2"
"1148","2019","PI","J","J11","J11_2019-06-24","U22307",4,0,4,NA,"JE522N2"
"1149","2019","PI","J","J11","J11_2019-06-24","U22308",1,0,1,NA,"JE522N2"
"1150","2019","PI","J","J11","J11_2019-06-24","U22309",1,0,1,NA,"JE522N2"
"1151","2019","PI","J","J11","J11_2019-06-24","U22310",0,0,0,NA,"JE522N2"
"1152","2019","CU","J","J11","J11_2019-06-24","U22311",0,0,0,NA,"JE522N2"
"1153","2019","CU","J","J11","J11_2019-06-24","U22312",0,0,0,NA,"JE522N2"
"1154","2019","CU","J","J11","J11_2019-06-24","U22313",1,0,1,NA,"JE522N2"
"1155","2019","CU","J","J11","J11_2019-06-24","U22314",1,0,1,NA,"JE522N2"
"1156","2019","CU","J","J11","J11_2019-06-24","U22315",0,0,0,NA,"JE522N2"
"1157","2019","CU","J","J11","J11_2019-06-24","U22316",0,0,0,NA,"JE522N2"
"1158","2019","CU","J","J11","J11_2019-06-24","U22317",1,0,1,NA,"JE522N2"
"1159","2019","CU","J","J11","J11_2019-06-24","U22318",1,0,1,NA,"JE522N2"
"1160","2019","CU","J","J11","J11_2019-06-24","U22319",0,0,0,NA,"JE522N2"
"1161","2019","CU","J","J11","J11_2019-06-24","U22320",2,0,2,NA,"JE522N2"
"1162","2019","SO","J","J02","J02_2019-06-28","U22341",1,0,1,NA,"JE524N2"
"1163","2019","SO","J","J02","J02_2019-06-28","U22342",0,0,0,NA,"JE524N2"
"1164","2019","CU","J","J02","J02_2019-06-28","U22361",1,0,1,NA,"JE524N2"
"1165","2019","CU","J","J02","J02_2019-06-28","U22362",1,0,1,NA,"JE524N2"
"1166","2019","CU","J","J02","J02_2019-06-28","U22363",0,0,0,NA,"JE524N2"
"1167","2019","CU","J","J02","J02_2019-06-28","U22364",0,0,0,NA,"JE524N2"
"1168","2019","CU","J","J02","J02_2019-06-28","U22365",0,0,0,NA,"JE524N2"
"1169","2019","CU","J","J02","J02_2019-06-28","U22366",0,0,0,NA,"JE524N2"
"1170","2019","CU","J","J02","J02_2019-06-28","U22367",1,0,1,NA,"JE524N2"
"1171","2019","CU","J","J02","J02_2019-06-28","U22368",1,0,1,NA,"JE524N2"
"1172","2019","CU","J","J02","J02_2019-06-28","U22369",0,0,0,NA,"JE524N2"
"1173","2019","CU","J","J02","J02_2019-06-28","U22370",1,0,1,NA,"JE524N2"
"1174","2019","SO","J","J11","J11_2019-06-29","U22371",3,0,3,NA,"JE525N2"
"1175","2019","CU","J","J11","J11_2019-06-29","U22381",1,0,1,NA,"JE525N2"
"1176","2019","CU","J","J11","J11_2019-06-29","U22382",1,0,1,NA,"JE525N2"
"1177","2019","CU","J","J11","J11_2019-06-29","U22383",2,0,2,NA,"JE525N2"
"1178","2019","CU","J","J11","J11_2019-06-29","U22384",1,0,1,NA,"JE525N2"
"1179","2019","CU","J","J11","J11_2019-06-29","U22385",1,0,1,NA,"JE525N2"
"1180","2019","CU","J","J11","J11_2019-06-29","U22386",2,1,3,NA,"JE525N2"
"1181","2019","CU","J","J11","J11_2019-06-29","U22387",1,0,1,NA,"JE525N2"
"1182","2019","CU","J","J11","J11_2019-06-29","U22388",2,0,2,NA,"JE525N2"
"1183","2019","CU","J","J11","J11_2019-06-29","U22389",1,0,1,NA,"JE525N2"
"1184","2019","CU","J","J11","J11_2019-06-29","U22390",2,0,2,NA,"JE525N2"
"1185","2019","PI","J","J11","J11_2019-06-29","U22391",1,0,1,NA,"JE525N2"
"1186","2019","PI","J","J11","J11_2019-06-29","U22392",3,0,3,NA,"JE525N2"
"1187","2019","PI","J","J11","J11_2019-06-29","U22393",0,1,1,NA,"JE525N2"
"1188","2019","PI","J","J11","J11_2019-06-29","U22394",1,0,1,NA,"JE525N2"
"1189","2019","PI","J","J11","J11_2019-06-29","U22395",2,0,2,NA,"JE525N2"
"1190","2019","PI","J","J11","J11_2019-06-29","U22396",2,0,2,NA,"JE525N2"
"1191","2019","PI","J","J11","J11_2019-06-29","U22397",0,0,0,NA,"JE525N2"
"1192","2019","PI","J","J11","J11_2019-06-29","U22398",1,0,1,NA,"JE525N2"
"1193","2019","PI","J","J11","J11_2019-06-29","U22399",0,0,0,NA,"JE525N2"
"1194","2019","PI","J","J11","J11_2019-06-29","U22400",2,0,2,NA,"JE525N2"
"1195","2019","SO","J","J03","J03_2019-07-04","U22411",0,0,0,NA,"JE526N1"
"1196","2019","SO","J","J03","J03_2019-07-04","U22412",1,0,1,NA,"JE526N1"
"1197","2019","PI","J","J03","J03_2019-07-04","U22421",0,0,0,NA,"JE526N1"
"1198","2019","PI","J","J03","J03_2019-07-04","U22422",1,0,1,NA,"JE526N1"
"1199","2019","PI","J","J03","J03_2019-07-04","U22423",0,0,0,NA,"JE526N1"
"1200","2019","PI","J","J03","J03_2019-07-04","U22424",1,1,2,NA,"JE526N1"
"1201","2019","PI","J","J03","J03_2019-07-04","U22425",1,0,1,NA,"JE526N1"
"1202","2019","PI","J","J03","J03_2019-07-04","U22426",0,1,1,NA,"JE526N1"
"1203","2019","PI","J","J03","J03_2019-07-04","U22427",1,0,1,NA,"JE526N1"
"1204","2019","PI","J","J03","J03_2019-07-04","U22428",1,0,1,NA,"JE526N1"
"1205","2019","PI","J","J03","J03_2019-07-04","U22429",2,0,2,NA,"JE526N1"
"1206","2019","PI","J","J03","J03_2019-07-04","U22430",0,0,0,NA,"JE526N1"
"1207","2019","CU","J","J03","J03_2019-07-04","U22431",1,0,1,NA,"JE526N1"
"1208","2019","CU","J","J03","J03_2019-07-04","U22432",0,0,0,NA,"JE526N1"
"1209","2019","CU","J","J03","J03_2019-07-04","U22433",0,0,0,NA,"JE526N1"
"1210","2019","CU","J","J03","J03_2019-07-04","U22434",0,0,0,NA,"JE526N1"
"1211","2019","CU","J","J03","J03_2019-07-04","U22435",2,0,2,NA,"JE526N1"
"1212","2019","CU","J","J03","J03_2019-07-04","U22436",1,0,1,NA,"JE526N1"
"1213","2019","CU","J","J03","J03_2019-07-04","U22437",0,0,0,NA,"JE526N1"
"1214","2019","CU","J","J03","J03_2019-07-04","U22438",2,0,2,NA,"JE526N1"
"1215","2019","CU","J","J03","J03_2019-07-04","U22439",1,0,1,NA,"JE526N1"
"1216","2019","CU","J","J03","J03_2019-07-04","U22440",1,0,1,NA,"JE526N1"
"1217","2019","CU","J","J03","J03_2019-07-04","U22451",3,0,3,NA,"JE526N1"
"1218","2019","PI","J","J11","J11_2019-07-06","U22461",3,0,3,NA,"JE527N1"
"1219","2019","PI","J","J11","J11_2019-07-06","U22462",1,0,1,NA,"JE527N1"
"1220","2019","PI","J","J11","J11_2019-07-06","U22463",2,1,3,NA,"JE527N1"
"1221","2019","PI","J","J11","J11_2019-07-06","U22464",2,0,2,NA,"JE527N1"
"1222","2019","PI","J","J11","J11_2019-07-06","U22465",3,0,3,NA,"JE527N1"
"1223","2019","PI","J","J11","J11_2019-07-06","U22466",1,0,1,NA,"JE527N1"
"1224","2019","PI","J","J11","J11_2019-07-06","U22467",0,0,0,NA,"JE527N1"
"1225","2019","PI","J","J11","J11_2019-07-06","U22468",1,0,1,NA,"JE527N1"
"1226","2019","PI","J","J11","J11_2019-07-06","U22469",3,0,3,NA,"JE527N1"
"1227","2019","PI","J","J11","J11_2019-07-06","U22470",2,2,4,NA,"JE527N1"
"1228","2019","CU","J","J11","J11_2019-07-06","U22471",1,0,1,NA,"JE527N1"
"1229","2019","CU","J","J11","J11_2019-07-06","U22472",0,0,0,NA,"JE527N1"
"1230","2019","CU","J","J11","J11_2019-07-06","U22473",1,1,2,NA,"JE527N1"
"1231","2019","CU","J","J11","J11_2019-07-06","U22474",1,0,1,NA,"JE527N1"
"1232","2019","CU","J","J11","J11_2019-07-06","U22475",2,0,2,NA,"JE527N1"
"1233","2019","CU","J","J11","J11_2019-07-06","U22476",1,0,1,NA,"JE527N1"
"1234","2019","CU","J","J11","J11_2019-07-06","U22477",0,0,0,NA,"JE527N1"
"1235","2019","CU","J","J11","J11_2019-07-06","U22478",0,0,0,NA,"JE527N1"
"1236","2019","CU","J","J11","J11_2019-07-06","U22479",1,0,1,NA,"JE527N1"
"1237","2019","CU","J","J11","J11_2019-07-06","U22480",1,0,1,NA,"JE527N1"
"1238","2019","SO","J","J11","J11_2019-07-06","U22481",3,0,3,NA,"JE527N1"
"1239","2019","SO","J","J11","J11_2019-07-06","U22482",2,0,2,NA,"JE527N1"
"1240","2019","CU","J","J03","J03_2019-07-09","U22491",1,0,1,NA,"JE528N2"
"1241","2019","CU","J","J03","J03_2019-07-09","U22492",1,0,1,NA,"JE528N2"
"1242","2019","CU","J","J03","J03_2019-07-09","U22493",1,0,1,NA,"JE528N2"
"1243","2019","CU","J","J03","J03_2019-07-09","U22494",0,0,0,NA,"JE528N2"
"1244","2019","CU","J","J03","J03_2019-07-09","U22495",0,0,0,NA,"JE528N2"
"1245","2019","CU","J","J03","J03_2019-07-09","U22496",2,0,2,NA,"JE528N2"
"1246","2019","CU","J","J03","J03_2019-07-09","U22497",1,0,1,NA,"JE528N2"
"1247","2019","CU","J","J03","J03_2019-07-09","U22498",0,0,0,NA,"JE528N2"
"1248","2019","CU","J","J03","J03_2019-07-09","U22499",0,0,0,NA,"JE528N2"
"1249","2019","CU","J","J03","J03_2019-07-09","U22500",1,0,1,NA,"JE528N2"
"1250","2019","SO","J","J03","J03_2019-07-09","U22501",0,0,0,NA,"JE528N2"
"1251","2019","SO","J","J03","J03_2019-07-09","U22502",0,0,0,NA,"JE528N2"
"1252","2019","SO","J","J03","J03_2019-07-09","U22503",6,0,6,NA,"JE528N2"
"1253","2019","SO","J","J03","J03_2019-07-09","U22504",0,0,0,NA,"JE528N2"
"1254","2019","SO","J","J03","J03_2019-07-09","U22505",1,0,1,NA,"JE528N2"
"1255","2019","PI","J","J03","J03_2019-07-09","U22511",2,0,2,NA,"JE528N2"
"1256","2019","PI","J","J03","J03_2019-07-09","U22512",2,3,5,NA,"JE528N2"
"1257","2019","PI","J","J03","J03_2019-07-09","U22513",0,0,0,NA,"JE528N2"
"1258","2019","PI","J","J03","J03_2019-07-09","U22514",0,0,0,NA,"JE528N2"
"1259","2019","PI","J","J03","J03_2019-07-09","U22515",3,0,3,NA,"JE528N2"
"1260","2019","PI","J","J03","J03_2019-07-09","U22516",1,0,1,NA,"JE528N2"
"1261","2019","PI","J","J03","J03_2019-07-09","U22517",1,0,1,NA,"JE528N2"
"1262","2019","PI","J","J03","J03_2019-07-09","U22518",1,0,1,NA,"JE528N2"
"1263","2019","PI","J","J03","J03_2019-07-09","U22519",1,1,2,NA,"JE528N2"
"1264","2019","PI","J","J03","J03_2019-07-09","U22520",0,0,0,NA,"JE528N2"
"1265","2019","SO","J","J11","J11_2019-07-11","U22531",1,0,1,NA,"JE529N3"
"1266","2019","SO","J","J11","J11_2019-07-11","U22532",13,0,13,NA,"JE529N3"
"1267","2019","SO","J","J11","J11_2019-07-11","U22533",0,0,0,NA,"JE529N3"
"1268","2019","PI","J","J11","J11_2019-07-11","U22541",2,0,2,NA,"JE529N3"
"1269","2019","PI","J","J11","J11_2019-07-11","U22542",1,1,2,NA,"JE529N3"
"1270","2019","PI","J","J11","J11_2019-07-11","U22543",4,0,4,NA,"JE529N3"
"1271","2019","PI","J","J11","J11_2019-07-11","U22544",1,0,1,NA,"JE529N3"
"1272","2019","PI","J","J11","J11_2019-07-11","U22545",0,0,0,NA,"JE529N3"
"1273","2019","PI","J","J11","J11_2019-07-11","U22546",1,0,1,NA,"JE529N3"
"1274","2019","PI","J","J11","J11_2019-07-11","U22547",1,0,1,NA,"JE529N3"
"1275","2019","PI","J","J11","J11_2019-07-11","U22548",1,0,1,NA,"JE529N3"
"1276","2019","PI","J","J11","J11_2019-07-11","U22549",3,0,3,NA,"JE529N3"
"1277","2019","PI","J","J11","J11_2019-07-11","U22550",0,0,0,NA,"JE529N3"
"1278","2019","CU","J","J11","J11_2019-07-11","U22551",1,0,1,NA,"JE529N3"
"1279","2019","CU","J","J11","J11_2019-07-11","U22552",0,0,0,NA,"JE529N3"
"1280","2019","CU","J","J11","J11_2019-07-11","U22553",1,0,1,NA,"JE529N3"
"1281","2019","CU","J","J11","J11_2019-07-11","U22554",2,0,2,NA,"JE529N3"
"1282","2019","CU","J","J11","J11_2019-07-11","U22555",0,0,0,NA,"JE529N3"
"1283","2019","CU","J","J11","J11_2019-07-11","U22556",0,0,0,NA,"JE529N3"
"1284","2019","CU","J","J11","J11_2019-07-11","U22557",3,0,3,NA,"JE529N3"
"1285","2019","CU","J","J11","J11_2019-07-11","U22558",2,0,2,NA,"JE529N3"
"1286","2019","CU","J","J11","J11_2019-07-11","U22559",1,0,1,NA,"JE529N3"
"1287","2019","CU","J","J11","J11_2019-07-11","U22560",1,0,1,NA,"JE529N3"
"1288","2015","PI","D","D07","D07_2015-05-21","U1395",0,0,0,NA,"DE115N2"
"1289","2015","SO","D","D10","D10_2015-06-05","U1014",0,0,0,NA,"DE160N1"
"1290","2015","CU","J","J08","J08_2015-05-22","U131",NA,NA,NA,NA,"JE105N2"
"1291","2015","SO","J","J02","J02_2015-05-24","U1221",1,0,1,NA,"JE110N2"
"1292","2016","SO","D","D07","D07_2016-05-26","U4271",0,0,0,NA,"DE287N1"
"1293","2016","SO","D","D22","D22_2016-05-27","U1918",0,0,0,NA,"DE288N1"
"1294","2017","CU","D","D09","D09_2017-05-25","U10125",0,0,0,NA,"DE365N1"
"1295","2017","CU","D","D09","D09_2017-05-29","U10285",0,0,0,NA,"DE367N1"
"1296","2017","CU","D","D09","D09_2017-05-29","U10287",0,0,0,NA,"DE367N1"
"1297","2017","CU","D","D09","D09_2017-05-29","U10290",0,0,0,NA,"DE367N1"
"1298","2017","PI","D","D29","D29_2017-05-31","U10353",0,0,0,NA,"DE368N1"
"1299","2017","CU","D","D29","D29_2017-05-31","U10363",1,0,1,NA,"DE368N1"
"1300","2017","CU","D","D29","D29_2017-05-31","U10364",0,0,0,NA,"DE368N1"
"1301","2017","CU","D","D29","D29_2017-05-31","U10365",0,0,0,NA,"DE368N1"
"1302","2017","CU","D","D29","D29_2017-05-31","U10366",0,0,0,NA,"DE368N1"
"1303","2017","CU","D","D29","D29_2017-05-31","U10370",0,0,0,NA,"DE368N1"
"1304","2017","SO","D","D27","D27_2017-06-05","U10487",0,0,0,NA,"DE370N1"
"1305","2017","PI","D","D09","D09_2017-06-07","U10592",0,0,0,NA,"DE371N1"
"1306","2017","SO","D","D10","D10_2017-06-28","U10809",0,0,0,NA,"DE374N1"
"1307","2017","CU","D","D27","D27_2017-07-04","U10922",1,0,1,NA,"DE375N1"
"1308","2017","CU","D","D27","D27_2017-07-04","U10924",0,0,0,NA,"DE375N1"
"1309","2017","CU","D","D27","D27_2017-07-04","U10930",0,0,0,NA,"DE375N1"
"1310","2017","CU","D","D27","D27_2017-06-13","U11003",0,1,1,NA,"DE376N1"
"1311","2017","CU","D","D27","D27_2017-06-13","U11006",0,0,0,NA,"DE376N1"
"1312","2017","CU","D","D27","D27_2017-06-13","U11007",1,0,1,NA,"DE376N1"
"1313","2017","CU","D","D22","D22_2017-07-04","U11247",0,0,0,NA,"DE379N1"
"1314","2017","CU","D","D22","D22_2017-07-04","U11248",1,0,1,NA,"DE379N1"
"1315","2017","CU","D","D22","D22_2017-07-04","U11249",0,0,0,NA,"DE379N1"
"1316","2017","CU","D","D09","D09_2017-07-05","U11325",1,0,1,NA,"DE380N1"
"1317","2017","CU","D","D09","D09_2017-07-05","U11327",0,0,0,NA,"DE380N1"
"1318","2017","CU","D","D09","D09_2017-07-05","U11328",1,0,1,NA,"DE380N1"
"1319","2017","CU","D","D09","D09_2017-07-05","U11329",1,0,1,NA,"DE380N1"
"1320","2017","CU","D","D09","D09_2017-07-05","U11330",1,0,1,NA,"DE380N1"
"1321","2016","CU","J","J02","J02_2016-06-09","U2947",0,0,0,NA,"JE264N1"
"1322","2016","SO","J","J05","J05_2016-06-25","U2113",0,0,0,NA,"JE293N2"
